[debug] [2025-04-11T22:19:00.537Z] ----------------------------------------------------------------------
[debug] [2025-04-11T22:19:00.539Z] Command:       D:\nodejs\node.exe C:\Users\fairytale\AppData\Roaming\npm\node_modules\firebase-tools\lib\bin\firebase.js deploy --only functions
[debug] [2025-04-11T22:19:00.540Z] CLI Version:   14.1.0
[debug] [2025-04-11T22:19:00.540Z] Platform:      win32
[debug] [2025-04-11T22:19:00.540Z] Node Version:  v22.14.0
[debug] [2025-04-11T22:19:00.540Z] Time:          Sat Apr 12 2025 07:19:00 GMT+0900 (日本標準時)
[debug] [2025-04-11T22:19:00.540Z] ----------------------------------------------------------------------
[debug] 
[debug] [2025-04-11T22:19:00.717Z] > command requires scopes: ["email","openid","https://www.googleapis.com/auth/cloudplatformprojects.readonly","https://www.googleapis.com/auth/firebase","https://www.googleapis.com/auth/cloud-platform"]
[debug] [2025-04-11T22:19:00.718Z] > authorizing via signed-in user (maltese.melody0655@gmail.com)
[debug] [2025-04-11T22:19:00.718Z] [iam] checking project inuichiba-ffprod for permissions ["cloudfunctions.functions.create","cloudfunctions.functions.delete","cloudfunctions.functions.get","cloudfunctions.functions.list","cloudfunctions.functions.update","cloudfunctions.operations.get","firebase.projects.get"]
[debug] [2025-04-11T22:19:00.719Z] Checked if tokens are valid: true, expires at: 1744410846094
[debug] [2025-04-11T22:19:00.719Z] Checked if tokens are valid: true, expires at: 1744410846094
[debug] [2025-04-11T22:19:00.720Z] >>> [apiv2][query] POST https://cloudresourcemanager.googleapis.com/v1/projects/inuichiba-ffprod:testIamPermissions [none]
[debug] [2025-04-11T22:19:00.720Z] >>> [apiv2][(partial)header] POST https://cloudresourcemanager.googleapis.com/v1/projects/inuichiba-ffprod:testIamPermissions x-goog-quota-user=projects/inuichiba-ffprod
[debug] [2025-04-11T22:19:00.720Z] >>> [apiv2][body] POST https://cloudresourcemanager.googleapis.com/v1/projects/inuichiba-ffprod:testIamPermissions {"permissions":["cloudfunctions.functions.create","cloudfunctions.functions.delete","cloudfunctions.functions.get","cloudfunctions.functions.list","cloudfunctions.functions.update","cloudfunctions.operations.get","firebase.projects.get"]}
[debug] [2025-04-11T22:19:01.499Z] <<< [apiv2][status] POST https://cloudresourcemanager.googleapis.com/v1/projects/inuichiba-ffprod:testIamPermissions 200
[debug] [2025-04-11T22:19:01.499Z] <<< [apiv2][body] POST https://cloudresourcemanager.googleapis.com/v1/projects/inuichiba-ffprod:testIamPermissions {"permissions":["cloudfunctions.functions.create","cloudfunctions.functions.delete","cloudfunctions.functions.get","cloudfunctions.functions.list","cloudfunctions.functions.update","cloudfunctions.operations.get","firebase.projects.get"]}
[debug] [2025-04-11T22:19:01.499Z] Checked if tokens are valid: true, expires at: 1744410846094
[debug] [2025-04-11T22:19:01.499Z] Checked if tokens are valid: true, expires at: 1744410846094
[debug] [2025-04-11T22:19:01.499Z] >>> [apiv2][query] POST https://iam.googleapis.com/v1/projects/inuichiba-ffprod/serviceAccounts/inuichiba-ffprod@appspot.gserviceaccount.com:testIamPermissions [none]
[debug] [2025-04-11T22:19:01.500Z] >>> [apiv2][body] POST https://iam.googleapis.com/v1/projects/inuichiba-ffprod/serviceAccounts/inuichiba-ffprod@appspot.gserviceaccount.com:testIamPermissions {"permissions":["iam.serviceAccounts.actAs"]}
[debug] [2025-04-11T22:19:01.783Z] <<< [apiv2][status] POST https://iam.googleapis.com/v1/projects/inuichiba-ffprod/serviceAccounts/inuichiba-ffprod@appspot.gserviceaccount.com:testIamPermissions 200
[debug] [2025-04-11T22:19:01.783Z] <<< [apiv2][body] POST https://iam.googleapis.com/v1/projects/inuichiba-ffprod/serviceAccounts/inuichiba-ffprod@appspot.gserviceaccount.com:testIamPermissions {"permissions":["iam.serviceAccounts.actAs"]}
[info] 
[info] === Deploying to 'inuichiba-ffprod'...
[info] 
[info] i  deploying functions 
[debug] [2025-04-11T22:19:01.796Z] Checked if tokens are valid: true, expires at: 1744410846094
[debug] [2025-04-11T22:19:01.796Z] Checked if tokens are valid: true, expires at: 1744410846094
[debug] [2025-04-11T22:19:01.796Z] >>> [apiv2][query] GET https://cloudresourcemanager.googleapis.com/v1/projects/inuichiba-ffprod [none]
[debug] [2025-04-11T22:19:01.994Z] <<< [apiv2][status] GET https://cloudresourcemanager.googleapis.com/v1/projects/inuichiba-ffprod 200
[debug] [2025-04-11T22:19:01.994Z] <<< [apiv2][body] GET https://cloudresourcemanager.googleapis.com/v1/projects/inuichiba-ffprod {"projectNumber":"757611015224","projectId":"inuichiba-ffprod","lifecycleState":"ACTIVE","name":"inuichiba-ffprod","labels":{"firebase":"enabled","firebase-core":"disabled"},"createTime":"2025-04-11T12:09:21.426741Z"}
[info] i  functions: preparing codebase default for deployment 
[info] i  functions: ensuring required API cloudfunctions.googleapis.com is enabled... 
[debug] [2025-04-11T22:19:02.000Z] Checked if tokens are valid: true, expires at: 1744410846094
[debug] [2025-04-11T22:19:02.000Z] Checked if tokens are valid: true, expires at: 1744410846094
[debug] [2025-04-11T22:19:02.001Z] Checked if tokens are valid: true, expires at: 1744410846094
[debug] [2025-04-11T22:19:02.001Z] Checked if tokens are valid: true, expires at: 1744410846094
[info] i  functions: ensuring required API cloudbuild.googleapis.com is enabled... 
[debug] [2025-04-11T22:19:02.002Z] Checked if tokens are valid: true, expires at: 1744410846094
[debug] [2025-04-11T22:19:02.002Z] Checked if tokens are valid: true, expires at: 1744410846094
[info] i  artifactregistry: ensuring required API artifactregistry.googleapis.com is enabled... 
[debug] [2025-04-11T22:19:02.004Z] Checked if tokens are valid: true, expires at: 1744410846094
[debug] [2025-04-11T22:19:02.004Z] Checked if tokens are valid: true, expires at: 1744410846094
[debug] [2025-04-11T22:19:02.004Z] >>> [apiv2][query] GET https://serviceusage.googleapis.com/v1/projects/inuichiba-ffprod/services/cloudfunctions.googleapis.com [none]
[debug] [2025-04-11T22:19:02.005Z] >>> [apiv2][(partial)header] GET https://serviceusage.googleapis.com/v1/projects/inuichiba-ffprod/services/cloudfunctions.googleapis.com x-goog-quota-user=projects/inuichiba-ffprod
[debug] [2025-04-11T22:19:02.009Z] >>> [apiv2][query] GET https://serviceusage.googleapis.com/v1/projects/inuichiba-ffprod/services/runtimeconfig.googleapis.com [none]
[debug] [2025-04-11T22:19:02.010Z] >>> [apiv2][(partial)header] GET https://serviceusage.googleapis.com/v1/projects/inuichiba-ffprod/services/runtimeconfig.googleapis.com x-goog-quota-user=projects/inuichiba-ffprod
[debug] [2025-04-11T22:19:02.014Z] >>> [apiv2][query] GET https://serviceusage.googleapis.com/v1/projects/inuichiba-ffprod/services/cloudbuild.googleapis.com [none]
[debug] [2025-04-11T22:19:02.015Z] >>> [apiv2][(partial)header] GET https://serviceusage.googleapis.com/v1/projects/inuichiba-ffprod/services/cloudbuild.googleapis.com x-goog-quota-user=projects/inuichiba-ffprod
[debug] [2025-04-11T22:19:02.020Z] >>> [apiv2][query] GET https://serviceusage.googleapis.com/v1/projects/inuichiba-ffprod/services/artifactregistry.googleapis.com [none]
[debug] [2025-04-11T22:19:02.020Z] >>> [apiv2][(partial)header] GET https://serviceusage.googleapis.com/v1/projects/inuichiba-ffprod/services/artifactregistry.googleapis.com x-goog-quota-user=projects/inuichiba-ffprod
[debug] [2025-04-11T22:19:03.126Z] <<< [apiv2][status] GET https://serviceusage.googleapis.com/v1/projects/inuichiba-ffprod/services/runtimeconfig.googleapis.com 200
[debug] [2025-04-11T22:19:03.127Z] <<< [apiv2][body] GET https://serviceusage.googleapis.com/v1/projects/inuichiba-ffprod/services/runtimeconfig.googleapis.com [omitted]
[debug] [2025-04-11T22:19:03.132Z] <<< [apiv2][status] GET https://serviceusage.googleapis.com/v1/projects/inuichiba-ffprod/services/cloudfunctions.googleapis.com 200
[debug] [2025-04-11T22:19:03.132Z] <<< [apiv2][body] GET https://serviceusage.googleapis.com/v1/projects/inuichiba-ffprod/services/cloudfunctions.googleapis.com [omitted]
[info] +  functions: required API cloudfunctions.googleapis.com is enabled 
[debug] [2025-04-11T22:19:03.135Z] <<< [apiv2][status] GET https://serviceusage.googleapis.com/v1/projects/inuichiba-ffprod/services/artifactregistry.googleapis.com 200
[debug] [2025-04-11T22:19:03.135Z] <<< [apiv2][body] GET https://serviceusage.googleapis.com/v1/projects/inuichiba-ffprod/services/artifactregistry.googleapis.com [omitted]
[info] +  artifactregistry: required API artifactregistry.googleapis.com is enabled 
[debug] [2025-04-11T22:19:03.138Z] <<< [apiv2][status] GET https://serviceusage.googleapis.com/v1/projects/inuichiba-ffprod/services/cloudbuild.googleapis.com 200
[debug] [2025-04-11T22:19:03.138Z] <<< [apiv2][body] GET https://serviceusage.googleapis.com/v1/projects/inuichiba-ffprod/services/cloudbuild.googleapis.com [omitted]
[info] +  functions: required API cloudbuild.googleapis.com is enabled 
[debug] [2025-04-11T22:19:03.138Z] Checked if tokens are valid: true, expires at: 1744410846094
[debug] [2025-04-11T22:19:03.138Z] Checked if tokens are valid: true, expires at: 1744410846094
[debug] [2025-04-11T22:19:03.139Z] >>> [apiv2][query] GET https://firebase.googleapis.com/v1beta1/projects/inuichiba-ffprod/adminSdkConfig [none]
[debug] [2025-04-11T22:19:03.491Z] <<< [apiv2][status] GET https://firebase.googleapis.com/v1beta1/projects/inuichiba-ffprod/adminSdkConfig 200
[debug] [2025-04-11T22:19:03.492Z] <<< [apiv2][body] GET https://firebase.googleapis.com/v1beta1/projects/inuichiba-ffprod/adminSdkConfig {"projectId":"inuichiba-ffprod","storageBucket":"inuichiba-ffprod.firebasestorage.app"}
[debug] [2025-04-11T22:19:03.493Z] Checked if tokens are valid: true, expires at: 1744410846094
[debug] [2025-04-11T22:19:03.493Z] Checked if tokens are valid: true, expires at: 1744410846094
[debug] [2025-04-11T22:19:03.494Z] >>> [apiv2][query] GET https://runtimeconfig.googleapis.com/v1beta1/projects/inuichiba-ffprod/configs [none]
[debug] [2025-04-11T22:19:03.832Z] <<< [apiv2][status] GET https://runtimeconfig.googleapis.com/v1beta1/projects/inuichiba-ffprod/configs 200
[debug] [2025-04-11T22:19:03.832Z] <<< [apiv2][body] GET https://runtimeconfig.googleapis.com/v1beta1/projects/inuichiba-ffprod/configs {}
[debug] [2025-04-11T22:19:03.837Z] Validating nodejs source
[warn] !  functions: package.json indicates an outdated version of firebase-functions. Please upgrade using npm install --save firebase-functions@latest in your functions directory. 
[warn] !  functions: Please note that there will be breaking changes when you upgrade. 
[debug] [2025-04-11T22:19:05.016Z] > [functions] package.json contents: {
  "name": "functions",
  "description": "Cloud Functions for Firebase",
  "scripts": {
    "lint": "eslint .",
    "serve": "firebase emulators:start --only functions",
    "shell": "firebase functions:shell",
    "start": "npm run shell",
    "deploy": "firebase deploy --only functions",
    "logs": "firebase functions:log"
  },
  "engines": {
    "node": "22"
  },
  "main": "index.js",
  "type": "commonjs",
  "dependencies": {
    "@line/bot-sdk": "^9.8.0",
    "@supabase/supabase-js": "^2.49.4",
    "dotenv": "^16.5.0",
    "express": "^5.1.0",
    "firebase-admin": "^12.7.0",
    "firebase-functions": "^4.9.0"
  },
  "devDependencies": {
    "eslint": "^8.15.0",
    "eslint-config-google": "^0.14.0",
    "firebase-functions-test": "^3.1.0"
  },
  "private": true
}
[debug] [2025-04-11T22:19:05.017Z] Building nodejs source
[info] i  functions: Loading and analyzing source code for codebase default to determine what to deploy 
[info] i  functions: You are using a version of firebase-functions SDK (4.9.0) that does not have support for the newest Firebase Extensions features. Please update firebase-functions SDK to >=5.1.0 to use them correctly 
[debug] [2025-04-11T22:19:05.017Z] Could not find functions.yaml. Must use http discovery
[debug] [2025-04-11T22:19:05.025Z] Found firebase-functions binary at 'D:\nasubi\inuichiba_ff\functions\node_modules\.bin\firebase-functions'
[info] Serving at port 8860

[info] ✅ NODE_ENV: production 

[info] ✅ 環境判定された envName: production 
✅ isProd: false
📦 Supabase Table(usersTable): users_ffdev
🐾 環境判定された envName: production 
🐾 isProd: false
🔐 channelSecret: 47ca8cbc6545be75f586b029d8bfb601
🔐 channelAccessTokenの長さ: 172

[info] 🔐 channelAccessTokenの先頭数文字: D2Fhe...
📦 Supabase URL: https://ollbklkdnzonbxopfwqk.supabase.co
📦 Supabase Table(usersTable): users_ffdev
📦 supabaseKey: ✅ OK

[info] 🧪 supabaseKey（使用中のキー）: ✅ 読み込み成功

[debug] [2025-04-11T22:19:05.909Z] Got response from /__/functions.yaml {"endpoints":{"webhook":{"availableMemoryMb":null,"timeoutSeconds":null,"minInstances":null,"maxInstances":null,"ingressSettings":null,"concurrency":null,"serviceAccountEmail":null,"vpc":null,"platform":"gcfv2","region":["asia-northeast1"],"secretEnvironmentVariables":[{"key":"NODE_ENV"}],"labels":{},"httpsTrigger":{},"entryPoint":"webhook"},"api":{"availableMemoryMb":null,"timeoutSeconds":null,"minInstances":null,"maxInstances":null,"ingressSettings":null,"concurrency":null,"serviceAccountEmail":null,"vpc":null,"platform":"gcfv2","region":["asia-northeast1"],"secretEnvironmentVariables":[{"key":"NODE_ENV"}],"labels":{},"httpsTrigger":{},"entryPoint":"api"}},"specVersion":"v1alpha1","requiredAPIs":[]}
[info] i  functions: Loaded environment variables from .env.ffprod. 
[info] i  functions: preparing functions directory for uploading... 
[info] i  functions: packaged D:\nasubi\inuichiba_ff\functions (68.49 KB) for uploading 
[debug] [2025-04-11T22:19:10.032Z] Checked if tokens are valid: false, expires at: 1744410846094
[debug] [2025-04-11T22:19:10.032Z] Checked if tokens are valid: false, expires at: 1744410846094
[debug] [2025-04-11T22:19:10.033Z] > refreshing access token with scopes: []
[debug] [2025-04-11T22:19:10.033Z] >>> [apiv2][query] POST https://www.googleapis.com/oauth2/v3/token [none]
[debug] [2025-04-11T22:19:10.033Z] >>> [apiv2][body] POST https://www.googleapis.com/oauth2/v3/token [omitted]
[debug] [2025-04-11T22:19:10.193Z] <<< [apiv2][status] POST https://www.googleapis.com/oauth2/v3/token 200
[debug] [2025-04-11T22:19:10.193Z] <<< [apiv2][body] POST https://www.googleapis.com/oauth2/v3/token [omitted]
[debug] [2025-04-11T22:19:10.234Z] >>> [apiv2][query] GET https://cloudfunctions.googleapis.com/v1/projects/inuichiba-ffprod/locations/-/functions [none]
[debug] [2025-04-11T22:19:11.169Z] <<< [apiv2][status] GET https://cloudfunctions.googleapis.com/v1/projects/inuichiba-ffprod/locations/-/functions 200
[debug] [2025-04-11T22:19:11.169Z] <<< [apiv2][body] GET https://cloudfunctions.googleapis.com/v1/projects/inuichiba-ffprod/locations/-/functions {}
[debug] [2025-04-11T22:19:11.171Z] Checked if tokens are valid: true, expires at: 1744413549193
[debug] [2025-04-11T22:19:11.171Z] Checked if tokens are valid: true, expires at: 1744413549193
[debug] [2025-04-11T22:19:11.172Z] >>> [apiv2][query] GET https://cloudfunctions.googleapis.com/v2/projects/inuichiba-ffprod/locations/-/functions filter=environment%3D%22GEN_2%22
[debug] [2025-04-11T22:19:12.482Z] <<< [apiv2][status] GET https://cloudfunctions.googleapis.com/v2/projects/inuichiba-ffprod/locations/-/functions 200
[debug] [2025-04-11T22:19:12.482Z] <<< [apiv2][body] GET https://cloudfunctions.googleapis.com/v2/projects/inuichiba-ffprod/locations/-/functions {"functions":[{"name":"projects/inuichiba-ffprod/locations/us-central1/functions/api","buildConfig":{"build":"projects/757611015224/locations/us-central1/builds/cbc5d5ba-ae65-4fcb-bdfe-09adced501aa","runtime":"nodejs22","entryPoint":"api","source":{"storageSource":{"bucket":"gcf-v2-sources-757611015224-us-central1","object":"api/function-source.zip","generation":"1744407268159894"}},"environmentVariables":{"GOOGLE_NODE_RUN_SCRIPTS":""},"dockerRepository":"projects/inuichiba-ffprod/locations/us-central1/repositories/gcf-artifacts","sourceProvenance":{"resolvedStorageSource":{"bucket":"gcf-v2-sources-757611015224-us-central1","object":"api/function-source.zip","generation":"1744407268159894"}},"dockerRegistry":"ARTIFACT_REGISTRY","serviceAccount":"projects/inuichiba-ffprod/serviceAccounts/757611015224-compute@developer.gserviceaccount.com","automaticUpdatePolicy":{}},"serviceConfig":{"service":"projects/inuichiba-ffprod/locations/us-central1/services/api","timeoutSeconds":60,"environmentVariables":{"CHANNEL_ACCESS_TOKEN_PROD":"/0/AD5jmDpc4mgJ3/XCZ7nH28vnxRRhddsMnE9DJV6fo7Iod3vvBwSF7v9utHEInCzZcjkDLFGE3LYZB2Q/PZEjtJSOm0sn8a7Bcu/v6DHdbx/cHkjdv6oWRmcToLKPYZmh1gEcSjHr0A/rSTxhmbAdB04t89/1O/w1cDnyilFU=","CHANNEL_SECRET_PROD":"cf9472531e498e75d65cc0b396436dec","SUPABASE_URL":"https://ollbklkdnzonbxopfwqk.supabase.co","SUPABASE_SERVICE_ROLE_KEY_PROD":"eyJhbGciOiJIUzI1NiIsInR5cCI6IkpXVCJ9.eyJpc3MiOiJzdXBhYmFzZSIsInJlZiI6Im9sbGJrbGtkbnpvbmJ4b3Bmd3FrIiwicm9sZSI6InNlcnZpY2Vfcm9sZSIsImlhdCI6MTc0MzI5MjYzMCwiZXhwIjoyMDU4ODY4NjMwfQ.U6bDiuPz1uDcFe_ELHrEgv8a12eKYpLXAucR6DrV7Fs","SUPABASE_TABLE_NAME_PROD":"users_ffprod","MY_LINE_USER_ID":"Ubabd65c8e4933322c46374c435c82a7b","TARGET_MENU_NAME":"タブＡ(左側メニュー)2025秋","FIREBASE_CONFIG":"{\"projectId\":\"inuichiba-ffprod\",\"storageBucket\":\"inuichiba-ffprod.firebasestorage.app\"}","GCLOUD_PROJECT":"inuichiba-ffprod","EVENTARC_CLOUD_EVENT_SOURCE":"projects/inuichiba-ffprod/locations/us-central1/services/api","FUNCTION_TARGET":"api","LOG_EXECUTION_ID":"true"},"maxInstanceCount":100,"ingressSettings":"ALLOW_ALL","uri":"https://api-3wasiiplfq-uc.a.run.app","serviceAccountEmail":"757611015224-compute@developer.gserviceaccount.com","availableMemory":"256Mi","allTrafficOnLatestRevision":true,"revision":"api-00004-bap","maxInstanceRequestConcurrency":80,"availableCpu":"1"},"state":"ACTIVE","updateTime":"2025-04-11T21:35:31.937788349Z","labels":{"deployment-tool":"cli-firebase","firebase-functions-hash":"dd03764e55cf5d5839ccbe71a57d0fa15f0e551e"},"environment":"GEN_2","url":"https://us-central1-inuichiba-ffprod.cloudfunctions.net/api","createTime":"2025-04-11T20:56:10.905371675Z","satisfiesPzi":true},{"name":"projects/inuichiba-ffprod/locations/us-central1/functions/webhook","buildConfig":{"build":"projects/757611015224/locations/us-central1/builds/cbc5d5ba-ae65-4fcb-bdfe-09adced501aa","runtime":"nodejs22","entryPoint":"webhook","source":{"storageSource":{"bucket":"gcf-v2-sources-757611015224-us-central1","object":"webhook/function-source.zip","generation":"1744407324231348"}},"environmentVariables":{"GOOGLE_NODE_RUN_SCRIPTS":""},"dockerRepository":"projects/inuichiba-ffprod/locations/us-central1/repositories/gcf-artifacts","sourceProvenance":{"resolvedStorageSource":{"bucket":"gcf-v2-sources-757611015224-us-central1","object":"webhook/function-source.zip","generation":"1744407324231348"}},"dockerRegistry":"ARTIFACT_REGISTRY","serviceAccount":"projects/inuichiba-ffprod/serviceAccounts/757611015224-compute@developer.gserviceaccount.com","automaticUpdatePolicy":{}},"serviceConfig":{"service":"projects/inuichiba-ffprod/locations/us-central1/services/webhook","timeoutSeconds":60,"environmentVariables":{"CHANNEL_ACCESS_TOKEN_PROD":"/0/AD5jmDpc4mgJ3/XCZ7nH28vnxRRhddsMnE9DJV6fo7Iod3vvBwSF7v9utHEInCzZcjkDLFGE3LYZB2Q/PZEjtJSOm0sn8a7Bcu/v6DHdbx/cHkjdv6oWRmcToLKPYZmh1gEcSjHr0A/rSTxhmbAdB04t89/1O/w1cDnyilFU=","CHANNEL_SECRET_PROD":"cf9472531e498e75d65cc0b396436dec","SUPABASE_URL":"https://ollbklkdnzonbxopfwqk.supabase.co","SUPABASE_SERVICE_ROLE_KEY_PROD":"eyJhbGciOiJIUzI1NiIsInR5cCI6IkpXVCJ9.eyJpc3MiOiJzdXBhYmFzZSIsInJlZiI6Im9sbGJrbGtkbnpvbmJ4b3Bmd3FrIiwicm9sZSI6InNlcnZpY2Vfcm9sZSIsImlhdCI6MTc0MzI5MjYzMCwiZXhwIjoyMDU4ODY4NjMwfQ.U6bDiuPz1uDcFe_ELHrEgv8a12eKYpLXAucR6DrV7Fs","SUPABASE_TABLE_NAME_PROD":"users_ffprod","MY_LINE_USER_ID":"Ubabd65c8e4933322c46374c435c82a7b","TARGET_MENU_NAME":"タブＡ(左側メニュー)2025秋","FIREBASE_CONFIG":"{\"projectId\":\"inuichiba-ffprod\",\"storageBucket\":\"inuichiba-ffprod.firebasestorage.app\"}","GCLOUD_PROJECT":"inuichiba-ffprod","EVENTARC_CLOUD_EVENT_SOURCE":"projects/inuichiba-ffprod/locations/us-central1/services/webhook","FUNCTION_TARGET":"webhook","LOG_EXECUTION_ID":"true","FUNCTION_SIGNATURE_TYPE":"http"},"maxInstanceCount":100,"ingressSettings":"ALLOW_ALL","uri":"https://webhook-3wasiiplfq-uc.a.run.app","serviceAccountEmail":"757611015224-compute@developer.gserviceaccount.com","availableMemory":"256Mi","allTrafficOnLatestRevision":true,"revision":"webhook-00004-jeg","maxInstanceRequestConcurrency":80,"availableCpu":"1"},"state":"ACTIVE","updateTime":"2025-04-11T21:35:38.591205728Z","labels":{"firebase-functions-hash":"dd03764e55cf5d5839ccbe71a57d0fa15f0e551e","deployment-tool":"cli-firebase"},"environment":"GEN_2","url":"https://us-central1-inuichiba-ffprod.cloudfunctions.net/webhook","createTime":"2025-04-11T20:57:29.503711645Z","satisfiesPzi":true}]}
[info] i  functions: ensuring required API run.googleapis.com is enabled... 
[debug] [2025-04-11T22:19:12.487Z] Checked if tokens are valid: true, expires at: 1744413549193
[debug] [2025-04-11T22:19:12.488Z] Checked if tokens are valid: true, expires at: 1744413549193
[info] i  functions: ensuring required API eventarc.googleapis.com is enabled... 
[debug] [2025-04-11T22:19:12.488Z] Checked if tokens are valid: true, expires at: 1744413549193
[debug] [2025-04-11T22:19:12.488Z] Checked if tokens are valid: true, expires at: 1744413549193
[info] i  functions: ensuring required API pubsub.googleapis.com is enabled... 
[debug] [2025-04-11T22:19:12.488Z] Checked if tokens are valid: true, expires at: 1744413549193
[debug] [2025-04-11T22:19:12.488Z] Checked if tokens are valid: true, expires at: 1744413549193
[info] i  functions: ensuring required API storage.googleapis.com is enabled... 
[debug] [2025-04-11T22:19:12.488Z] Checked if tokens are valid: true, expires at: 1744413549193
[debug] [2025-04-11T22:19:12.488Z] Checked if tokens are valid: true, expires at: 1744413549193
[debug] [2025-04-11T22:19:12.488Z] >>> [apiv2][query] GET https://serviceusage.googleapis.com/v1/projects/inuichiba-ffprod/services/run.googleapis.com [none]
[debug] [2025-04-11T22:19:12.488Z] >>> [apiv2][(partial)header] GET https://serviceusage.googleapis.com/v1/projects/inuichiba-ffprod/services/run.googleapis.com x-goog-quota-user=projects/inuichiba-ffprod
[debug] [2025-04-11T22:19:12.490Z] >>> [apiv2][query] GET https://serviceusage.googleapis.com/v1/projects/inuichiba-ffprod/services/eventarc.googleapis.com [none]
[debug] [2025-04-11T22:19:12.490Z] >>> [apiv2][(partial)header] GET https://serviceusage.googleapis.com/v1/projects/inuichiba-ffprod/services/eventarc.googleapis.com x-goog-quota-user=projects/inuichiba-ffprod
[debug] [2025-04-11T22:19:12.491Z] >>> [apiv2][query] GET https://serviceusage.googleapis.com/v1/projects/inuichiba-ffprod/services/pubsub.googleapis.com [none]
[debug] [2025-04-11T22:19:12.491Z] >>> [apiv2][(partial)header] GET https://serviceusage.googleapis.com/v1/projects/inuichiba-ffprod/services/pubsub.googleapis.com x-goog-quota-user=projects/inuichiba-ffprod
[debug] [2025-04-11T22:19:12.492Z] >>> [apiv2][query] GET https://serviceusage.googleapis.com/v1/projects/inuichiba-ffprod/services/storage.googleapis.com [none]
[debug] [2025-04-11T22:19:12.492Z] >>> [apiv2][(partial)header] GET https://serviceusage.googleapis.com/v1/projects/inuichiba-ffprod/services/storage.googleapis.com x-goog-quota-user=projects/inuichiba-ffprod
[debug] [2025-04-11T22:19:13.650Z] <<< [apiv2][status] GET https://serviceusage.googleapis.com/v1/projects/inuichiba-ffprod/services/eventarc.googleapis.com 200
[debug] [2025-04-11T22:19:13.650Z] <<< [apiv2][body] GET https://serviceusage.googleapis.com/v1/projects/inuichiba-ffprod/services/eventarc.googleapis.com [omitted]
[info] +  functions: required API eventarc.googleapis.com is enabled 
[debug] [2025-04-11T22:19:13.653Z] <<< [apiv2][status] GET https://serviceusage.googleapis.com/v1/projects/inuichiba-ffprod/services/pubsub.googleapis.com 200
[debug] [2025-04-11T22:19:13.653Z] <<< [apiv2][body] GET https://serviceusage.googleapis.com/v1/projects/inuichiba-ffprod/services/pubsub.googleapis.com [omitted]
[info] +  functions: required API pubsub.googleapis.com is enabled 
[debug] [2025-04-11T22:19:13.656Z] <<< [apiv2][status] GET https://serviceusage.googleapis.com/v1/projects/inuichiba-ffprod/services/run.googleapis.com 200
[debug] [2025-04-11T22:19:13.656Z] <<< [apiv2][body] GET https://serviceusage.googleapis.com/v1/projects/inuichiba-ffprod/services/run.googleapis.com [omitted]
[info] +  functions: required API run.googleapis.com is enabled 
[debug] [2025-04-11T22:19:13.659Z] <<< [apiv2][status] GET https://serviceusage.googleapis.com/v1/projects/inuichiba-ffprod/services/storage.googleapis.com 200
[debug] [2025-04-11T22:19:13.659Z] <<< [apiv2][body] GET https://serviceusage.googleapis.com/v1/projects/inuichiba-ffprod/services/storage.googleapis.com [omitted]
[info] +  functions: required API storage.googleapis.com is enabled 
[info] i  functions: generating the service identity for pubsub.googleapis.com... 
[debug] [2025-04-11T22:19:13.662Z] Checked if tokens are valid: true, expires at: 1744413549193
[debug] [2025-04-11T22:19:13.662Z] Checked if tokens are valid: true, expires at: 1744413549193
[info] i  functions: generating the service identity for eventarc.googleapis.com... 
[debug] [2025-04-11T22:19:13.663Z] Checked if tokens are valid: true, expires at: 1744413549193
[debug] [2025-04-11T22:19:13.663Z] Checked if tokens are valid: true, expires at: 1744413549193
[debug] [2025-04-11T22:19:13.663Z] >>> [apiv2][query] POST https://serviceusage.googleapis.com/v1beta1/projects/757611015224/services/pubsub.googleapis.com:generateServiceIdentity [none]
[debug] [2025-04-11T22:19:13.665Z] >>> [apiv2][query] POST https://serviceusage.googleapis.com/v1beta1/projects/757611015224/services/eventarc.googleapis.com:generateServiceIdentity [none]
[debug] [2025-04-11T22:19:13.994Z] <<< [apiv2][status] POST https://serviceusage.googleapis.com/v1beta1/projects/757611015224/services/pubsub.googleapis.com:generateServiceIdentity 200
[debug] [2025-04-11T22:19:13.995Z] <<< [apiv2][body] POST https://serviceusage.googleapis.com/v1beta1/projects/757611015224/services/pubsub.googleapis.com:generateServiceIdentity {"name":"operations/finished.DONE_OPERATION","done":true,"response":{"@type":"type.googleapis.com/google.api.serviceusage.v1beta1.ServiceIdentity","email":"service-757611015224@gcp-sa-pubsub.iam.gserviceaccount.com","uniqueId":"104992066325977572264"}}
[debug] [2025-04-11T22:19:14.018Z] <<< [apiv2][status] POST https://serviceusage.googleapis.com/v1beta1/projects/757611015224/services/eventarc.googleapis.com:generateServiceIdentity 200
[debug] [2025-04-11T22:19:14.018Z] <<< [apiv2][body] POST https://serviceusage.googleapis.com/v1beta1/projects/757611015224/services/eventarc.googleapis.com:generateServiceIdentity {"name":"operations/finished.DONE_OPERATION","done":true,"response":{"@type":"type.googleapis.com/google.api.serviceusage.v1beta1.ServiceIdentity","email":"service-757611015224@gcp-sa-eventarc.iam.gserviceaccount.com","uniqueId":"103420930410542546226"}}
[debug] [2025-04-11T22:19:14.023Z] Checked if tokens are valid: true, expires at: 1744413549193
[debug] [2025-04-11T22:19:14.023Z] Checked if tokens are valid: true, expires at: 1744413549193
[debug] [2025-04-11T22:19:14.024Z] >>> [apiv2][query] GET https://secretmanager.googleapis.com/v1/projects/inuichiba-ffprod/secrets/NODE_ENV/versions/latest [none]
[debug] [2025-04-11T22:19:14.419Z] <<< [apiv2][status] GET https://secretmanager.googleapis.com/v1/projects/inuichiba-ffprod/secrets/NODE_ENV/versions/latest 200
[debug] [2025-04-11T22:19:14.419Z] <<< [apiv2][body] GET https://secretmanager.googleapis.com/v1/projects/inuichiba-ffprod/secrets/NODE_ENV/versions/latest {"name":"projects/757611015224/secrets/NODE_ENV/versions/2","createTime":"2025-04-11T21:41:25.047459Z","state":"ENABLED","replicationStatus":{"automatic":{}},"etag":"\"163287906924a3\""}
[debug] [2025-04-11T22:19:14.421Z] Resolved secret version of NODE_ENV to 2.
[debug] [2025-04-11T22:19:14.423Z] Checked if tokens are valid: true, expires at: 1744413549193
[debug] [2025-04-11T22:19:14.424Z] Checked if tokens are valid: true, expires at: 1744413549193
[debug] [2025-04-11T22:19:14.424Z] >>> [apiv2][query] GET https://cloudresourcemanager.googleapis.com/v1/projects/inuichiba-ffprod [none]
[debug] [2025-04-11T22:19:15.195Z] <<< [apiv2][status] GET https://cloudresourcemanager.googleapis.com/v1/projects/inuichiba-ffprod 200
[debug] [2025-04-11T22:19:15.195Z] <<< [apiv2][body] GET https://cloudresourcemanager.googleapis.com/v1/projects/inuichiba-ffprod {"projectNumber":"757611015224","projectId":"inuichiba-ffprod","lifecycleState":"ACTIVE","name":"inuichiba-ffprod","labels":{"firebase":"enabled","firebase-core":"disabled"},"createTime":"2025-04-11T12:09:21.426741Z"}
[info] i  functions: ensuring 757611015224-compute@developer.gserviceaccount.com access to secret NODE_ENV. 
[debug] [2025-04-11T22:19:15.198Z] Checked if tokens are valid: true, expires at: 1744413549193
[debug] [2025-04-11T22:19:15.198Z] Checked if tokens are valid: true, expires at: 1744413549193
[debug] [2025-04-11T22:19:15.198Z] >>> [apiv2][query] GET https://secretmanager.googleapis.com/v1/projects/inuichiba-ffprod/secrets/NODE_ENV:getIamPolicy [none]
[debug] [2025-04-11T22:19:15.611Z] <<< [apiv2][status] GET https://secretmanager.googleapis.com/v1/projects/inuichiba-ffprod/secrets/NODE_ENV:getIamPolicy 200
[debug] [2025-04-11T22:19:15.612Z] <<< [apiv2][body] GET https://secretmanager.googleapis.com/v1/projects/inuichiba-ffprod/secrets/NODE_ENV:getIamPolicy {"etag":"ACAB"}
[debug] [2025-04-11T22:19:15.612Z] Checked if tokens are valid: true, expires at: 1744413549193
[debug] [2025-04-11T22:19:15.613Z] Checked if tokens are valid: true, expires at: 1744413549193
[debug] [2025-04-11T22:19:15.613Z] >>> [apiv2][query] POST https://secretmanager.googleapis.com/v1/projects/inuichiba-ffprod/secrets/NODE_ENV:setIamPolicy [none]
[debug] [2025-04-11T22:19:15.613Z] >>> [apiv2][body] POST https://secretmanager.googleapis.com/v1/projects/inuichiba-ffprod/secrets/NODE_ENV:setIamPolicy {"policy":{"bindings":[{"role":"roles/secretmanager.secretAccessor","members":["serviceAccount:757611015224-compute@developer.gserviceaccount.com"]}]},"updateMask":"bindings"}
[debug] [2025-04-11T22:19:16.206Z] <<< [apiv2][status] POST https://secretmanager.googleapis.com/v1/projects/inuichiba-ffprod/secrets/NODE_ENV:setIamPolicy 200
[debug] [2025-04-11T22:19:16.207Z] <<< [apiv2][body] POST https://secretmanager.googleapis.com/v1/projects/inuichiba-ffprod/secrets/NODE_ENV:setIamPolicy {"version":1,"etag":"BwYyiBe6IWM=","bindings":[{"role":"roles/secretmanager.secretAccessor","members":["serviceAccount:757611015224-compute@developer.gserviceaccount.com"]}]}
[info] +  secretmanager: Granted roles/secretmanager.secretAccessor on projects/inuichiba-ffprod/secrets/NODE_ENV to 757611015224-compute@developer.gserviceaccount.com 
[info] +  functions: ensured 757611015224-compute@developer.gserviceaccount.com access to NODE_ENV. 
[debug] [2025-04-11T22:19:16.208Z] [functions] found 2 new HTTP functions, testing setIamPolicy permission...
[debug] [2025-04-11T22:19:16.208Z] Checked if tokens are valid: true, expires at: 1744413549193
[debug] [2025-04-11T22:19:16.208Z] Checked if tokens are valid: true, expires at: 1744413549193
[debug] [2025-04-11T22:19:16.208Z] >>> [apiv2][query] POST https://cloudresourcemanager.googleapis.com/v1/projects/inuichiba-ffprod:testIamPermissions [none]
[debug] [2025-04-11T22:19:16.208Z] >>> [apiv2][(partial)header] POST https://cloudresourcemanager.googleapis.com/v1/projects/inuichiba-ffprod:testIamPermissions x-goog-quota-user=projects/inuichiba-ffprod
[debug] [2025-04-11T22:19:16.208Z] >>> [apiv2][body] POST https://cloudresourcemanager.googleapis.com/v1/projects/inuichiba-ffprod:testIamPermissions {"permissions":["cloudfunctions.functions.setIamPolicy"]}
[debug] [2025-04-11T22:19:16.359Z] <<< [apiv2][status] POST https://cloudresourcemanager.googleapis.com/v1/projects/inuichiba-ffprod:testIamPermissions 200
[debug] [2025-04-11T22:19:16.360Z] <<< [apiv2][body] POST https://cloudresourcemanager.googleapis.com/v1/projects/inuichiba-ffprod:testIamPermissions {"permissions":["cloudfunctions.functions.setIamPolicy"]}
[debug] [2025-04-11T22:19:16.360Z] [functions] found setIamPolicy permission, proceeding with deploy
[debug] [2025-04-11T22:19:16.362Z] Checked if tokens are valid: true, expires at: 1744413549193
[debug] [2025-04-11T22:19:16.362Z] Checked if tokens are valid: true, expires at: 1744413549193
[debug] [2025-04-11T22:19:16.363Z] >>> [apiv2][query] POST https://cloudfunctions.googleapis.com/v2/projects/inuichiba-ffprod/locations/asia-northeast1/functions:generateUploadUrl [none]
[debug] [2025-04-11T22:19:18.419Z] <<< [apiv2][status] POST https://cloudfunctions.googleapis.com/v2/projects/inuichiba-ffprod/locations/asia-northeast1/functions:generateUploadUrl 200
[debug] [2025-04-11T22:19:18.419Z] <<< [apiv2][body] POST https://cloudfunctions.googleapis.com/v2/projects/inuichiba-ffprod/locations/asia-northeast1/functions:generateUploadUrl {"uploadUrl":"https://storage.googleapis.com/gcf-v2-uploads-757611015224.asia-northeast1.cloudfunctions.appspot.com/db3192f0-17ab-4743-9957-48827b3f6872.zip?GoogleAccessId=service-757611015224@gcf-admin-robot.iam.gserviceaccount.com&Expires=1744411757&Signature=e0ptWNFhlYMO86ZoTYe6RqxcDnC0w467PTN9dtt5%2BMOtGvPtZu0nVN1ZaBYUot5JDBKg32yxZPq0H1onYyWhLqA0aa8MSSaF7eX2AyoBkpQ%2F0rOppsLy0fz1uKUi2WB2n9K5VX724b6ZaKxaiXZHpHl3ntjAP6IbBinjZp8EjzEPPjF5dCCcru7kODhTw1Vm7YxP4C5W52aM%2FFdBgebuaKnD4cWIiysGbZpat6qs1JnfNULrNsAFVGjsutg7W5CfUWhe4yqqwu%2BGetZ8AFCW36oKDLMUny5NkCCTf3L8WtFxE%2B6XtD%2BeGlm8h2q97lI%2FVZAT3MoYx3Fug18zJm2f6Q%3D%3D","storageSource":{"bucket":"gcf-v2-uploads-757611015224.asia-northeast1.cloudfunctions.appspot.com","object":"db3192f0-17ab-4743-9957-48827b3f6872.zip"}}
[debug] [2025-04-11T22:19:18.421Z] >>> [apiv2][query] PUT https://storage.googleapis.com/gcf-v2-uploads-757611015224.asia-northeast1.cloudfunctions.appspot.com/db3192f0-17ab-4743-9957-48827b3f6872.zip GoogleAccessId=service-757611015224%40gcf-admin-robot.iam.gserviceaccount.com&Expires=1744411757&Signature=e0ptWNFhlYMO86ZoTYe6RqxcDnC0w467PTN9dtt5%2BMOtGvPtZu0nVN1ZaBYUot5JDBKg32yxZPq0H1onYyWhLqA0aa8MSSaF7eX2AyoBkpQ%2F0rOppsLy0fz1uKUi2WB2n9K5VX724b6ZaKxaiXZHpHl3ntjAP6IbBinjZp8EjzEPPjF5dCCcru7kODhTw1Vm7YxP4C5W52aM%2FFdBgebuaKnD4cWIiysGbZpat6qs1JnfNULrNsAFVGjsutg7W5CfUWhe4yqqwu%2BGetZ8AFCW36oKDLMUny5NkCCTf3L8WtFxE%2B6XtD%2BeGlm8h2q97lI%2FVZAT3MoYx3Fug18zJm2f6Q%3D%3D
[debug] [2025-04-11T22:19:18.421Z] >>> [apiv2][body] PUT https://storage.googleapis.com/gcf-v2-uploads-757611015224.asia-northeast1.cloudfunctions.appspot.com/db3192f0-17ab-4743-9957-48827b3f6872.zip [stream]
[debug] [2025-04-11T22:19:18.671Z] <<< [apiv2][status] PUT https://storage.googleapis.com/gcf-v2-uploads-757611015224.asia-northeast1.cloudfunctions.appspot.com/db3192f0-17ab-4743-9957-48827b3f6872.zip 200
[debug] [2025-04-11T22:19:18.671Z] <<< [apiv2][body] PUT https://storage.googleapis.com/gcf-v2-uploads-757611015224.asia-northeast1.cloudfunctions.appspot.com/db3192f0-17ab-4743-9957-48827b3f6872.zip [omitted]
[info] +  functions: functions folder uploaded successfully 
[info] 
The following functions are found in your project but do not exist in your local source code:
	api(us-central1)
	webhook(us-central1)

If you are renaming a function or changing its region, it is recommended that you create the new function first before deleting the old one to prevent event loss. For more info, visit https://firebase.google.com/docs/functions/manage-functions#modify

[info] i  functions: creating Node.js 22 (2nd Gen) function webhook(asia-northeast1)... 
[info] i  functions: creating Node.js 22 (2nd Gen) function api(asia-northeast1)... 
[debug] [2025-04-11T22:20:05.992Z] Checked if tokens are valid: true, expires at: 1744413549193
[debug] [2025-04-11T22:20:05.992Z] Checked if tokens are valid: true, expires at: 1744413549193
[info] i  functions: deleting Node.js 22 (2nd Gen) function api(us-central1)... 
[info] i  functions: deleting Node.js 22 (2nd Gen) function webhook(us-central1)... 
[debug] [2025-04-11T22:20:05.992Z] Checked if tokens are valid: true, expires at: 1744413549193
[debug] [2025-04-11T22:20:05.992Z] Checked if tokens are valid: true, expires at: 1744413549193
[debug] [2025-04-11T22:20:05.992Z] Checked if tokens are valid: true, expires at: 1744413549193
[debug] [2025-04-11T22:20:05.992Z] Checked if tokens are valid: true, expires at: 1744413549193
[debug] [2025-04-11T22:20:05.993Z] >>> [apiv2][query] POST https://cloudfunctions.googleapis.com/v2/projects/inuichiba-ffprod/locations/asia-northeast1/functions functionId=webhook
[debug] [2025-04-11T22:20:05.993Z] >>> [apiv2][body] POST https://cloudfunctions.googleapis.com/v2/projects/inuichiba-ffprod/locations/asia-northeast1/functions {"name":"projects/inuichiba-ffprod/locations/asia-northeast1/functions/webhook","buildConfig":{"runtime":"nodejs22","entryPoint":"webhook","source":{"storageSource":{"bucket":"gcf-v2-uploads-757611015224.asia-northeast1.cloudfunctions.appspot.com","object":"db3192f0-17ab-4743-9957-48827b3f6872.zip"}},"environmentVariables":{"GOOGLE_NODE_RUN_SCRIPTS":""}},"serviceConfig":{"environmentVariables":{"CHANNEL_ACCESS_TOKEN_PROD":"/0/AD5jmDpc4mgJ3/XCZ7nH28vnxRRhddsMnE9DJV6fo7Iod3vvBwSF7v9utHEInCzZcjkDLFGE3LYZB2Q/PZEjtJSOm0sn8a7Bcu/v6DHdbx/cHkjdv6oWRmcToLKPYZmh1gEcSjHr0A/rSTxhmbAdB04t89/1O/w1cDnyilFU=","CHANNEL_SECRET_PROD":"cf9472531e498e75d65cc0b396436dec","SUPABASE_URL":"https://ollbklkdnzonbxopfwqk.supabase.co","SUPABASE_SERVICE_ROLE_KEY_PROD":"eyJhbGciOiJIUzI1NiIsInR5cCI6IkpXVCJ9.eyJpc3MiOiJzdXBhYmFzZSIsInJlZiI6Im9sbGJrbGtkbnpvbmJ4b3Bmd3FrIiwicm9sZSI6InNlcnZpY2Vfcm9sZSIsImlhdCI6MTc0MzI5MjYzMCwiZXhwIjoyMDU4ODY4NjMwfQ.U6bDiuPz1uDcFe_ELHrEgv8a12eKYpLXAucR6DrV7Fs","SUPABASE_TABLE_NAME_PROD":"users_ffprod","MY_LINE_USER_ID":"Ubabd65c8e4933322c46374c435c82a7b","TARGET_MENU_NAME":"タブＡ(左側メニュー)2025秋","FIREBASE_CONFIG":"{\"projectId\":\"inuichiba-ffprod\",\"storageBucket\":\"inuichiba-ffprod.firebasestorage.app\"}","GCLOUD_PROJECT":"inuichiba-ffprod","EVENTARC_CLOUD_EVENT_SOURCE":"projects/inuichiba-ffprod/locations/asia-northeast1/services/webhook","FUNCTION_TARGET":"webhook","LOG_EXECUTION_ID":"true"},"secretEnvironmentVariables":[{"key":"NODE_ENV","secret":"NODE_ENV","projectId":"inuichiba-ffprod","version":"2"}],"ingressSettings":null,"timeoutSeconds":null,"serviceAccountEmail":null,"availableMemory":"256Mi","minInstanceCount":null,"maxInstanceCount":null,"maxInstanceRequestConcurrency":80,"availableCpu":"1","vpcConnector":null,"vpcConnectorEgressSettings":null},"labels":{"deployment-tool":"cli-firebase","firebase-functions-hash":"d80304f55d6ed59f87a10d6cdfc4215986442250"}}
[debug] [2025-04-11T22:20:05.995Z] >>> [apiv2][query] DELETE https://cloudfunctions.googleapis.com/v2/projects/inuichiba-ffprod/locations/us-central1/functions/api [none]
[debug] [2025-04-11T22:20:05.996Z] >>> [apiv2][query] DELETE https://cloudfunctions.googleapis.com/v2/projects/inuichiba-ffprod/locations/us-central1/functions/webhook [none]
[debug] [2025-04-11T22:20:07.119Z] <<< [apiv2][status] DELETE https://cloudfunctions.googleapis.com/v2/projects/inuichiba-ffprod/locations/us-central1/functions/webhook 200
[debug] [2025-04-11T22:20:07.119Z] <<< [apiv2][body] DELETE https://cloudfunctions.googleapis.com/v2/projects/inuichiba-ffprod/locations/us-central1/functions/webhook {"name":"projects/inuichiba-ffprod/locations/us-central1/operations/operation-1744410006163-632881ac28f21-003a0f21-34809e5f","metadata":{"@type":"type.googleapis.com/google.cloud.functions.v2.OperationMetadata","createTime":"2025-04-11T22:20:06.184585420Z","target":"projects/inuichiba-ffprod/locations/us-central1/functions/webhook","verb":"delete","cancelRequested":false,"apiVersion":"v2"},"done":false}
[debug] [2025-04-11T22:20:07.120Z] Checked if tokens are valid: true, expires at: 1744413549193
[debug] [2025-04-11T22:20:07.120Z] Checked if tokens are valid: true, expires at: 1744413549193
[debug] [2025-04-11T22:20:07.120Z] >>> [apiv2][query] GET https://cloudfunctions.googleapis.com/v2/projects/inuichiba-ffprod/locations/us-central1/operations/operation-1744410006163-632881ac28f21-003a0f21-34809e5f [none]
[debug] [2025-04-11T22:20:07.148Z] <<< [apiv2][status] DELETE https://cloudfunctions.googleapis.com/v2/projects/inuichiba-ffprod/locations/us-central1/functions/api 200
[debug] [2025-04-11T22:20:07.149Z] <<< [apiv2][body] DELETE https://cloudfunctions.googleapis.com/v2/projects/inuichiba-ffprod/locations/us-central1/functions/api {"name":"projects/inuichiba-ffprod/locations/us-central1/operations/operation-1744410006201-632881ac322af-479e717a-a871d3b9","metadata":{"@type":"type.googleapis.com/google.cloud.functions.v2.OperationMetadata","createTime":"2025-04-11T22:20:06.215813948Z","target":"projects/inuichiba-ffprod/locations/us-central1/functions/api","verb":"delete","cancelRequested":false,"apiVersion":"v2"},"done":false}
[debug] [2025-04-11T22:20:07.149Z] Checked if tokens are valid: true, expires at: 1744413549193
[debug] [2025-04-11T22:20:07.149Z] Checked if tokens are valid: true, expires at: 1744413549193
[debug] [2025-04-11T22:20:07.149Z] >>> [apiv2][query] GET https://cloudfunctions.googleapis.com/v2/projects/inuichiba-ffprod/locations/us-central1/operations/operation-1744410006201-632881ac322af-479e717a-a871d3b9 [none]
[debug] [2025-04-11T22:20:08.133Z] <<< [apiv2][status] GET https://cloudfunctions.googleapis.com/v2/projects/inuichiba-ffprod/locations/us-central1/operations/operation-1744410006163-632881ac28f21-003a0f21-34809e5f 200
[debug] [2025-04-11T22:20:08.133Z] <<< [apiv2][body] GET https://cloudfunctions.googleapis.com/v2/projects/inuichiba-ffprod/locations/us-central1/operations/operation-1744410006163-632881ac28f21-003a0f21-34809e5f {"name":"projects/inuichiba-ffprod/locations/us-central1/operations/operation-1744410006163-632881ac28f21-003a0f21-34809e5f","metadata":{"@type":"type.googleapis.com/google.cloud.functions.v2.OperationMetadata","createTime":"2025-04-11T22:20:06.184585420Z","target":"projects/inuichiba-ffprod/locations/us-central1/functions/webhook","verb":"delete","cancelRequested":false,"apiVersion":"v2","requestResource":{"@type":"type.googleapis.com/google.cloud.functions.v2.Function","name":"projects/inuichiba-ffprod/locations/us-central1/functions/webhook","environment":"GEN_2"},"stages":[{"name":"ARTIFACT_REGISTRY","state":"NOT_STARTED"},{"name":"SERVICE","message":"Deleting Cloud Run service","state":"IN_PROGRESS","resource":"projects/inuichiba-ffprod/locations/us-central1/services/webhook"}],"operationType":"DELETE_FUNCTION"},"done":false}
[debug] [2025-04-11T22:20:08.164Z] <<< [apiv2][status] GET https://cloudfunctions.googleapis.com/v2/projects/inuichiba-ffprod/locations/us-central1/operations/operation-1744410006201-632881ac322af-479e717a-a871d3b9 200
[debug] [2025-04-11T22:20:08.164Z] <<< [apiv2][body] GET https://cloudfunctions.googleapis.com/v2/projects/inuichiba-ffprod/locations/us-central1/operations/operation-1744410006201-632881ac322af-479e717a-a871d3b9 {"name":"projects/inuichiba-ffprod/locations/us-central1/operations/operation-1744410006201-632881ac322af-479e717a-a871d3b9","metadata":{"@type":"type.googleapis.com/google.cloud.functions.v2.OperationMetadata","createTime":"2025-04-11T22:20:06.215813948Z","target":"projects/inuichiba-ffprod/locations/us-central1/functions/api","verb":"delete","cancelRequested":false,"apiVersion":"v2","requestResource":{"@type":"type.googleapis.com/google.cloud.functions.v2.Function","name":"projects/inuichiba-ffprod/locations/us-central1/functions/api","environment":"GEN_2"},"stages":[{"name":"ARTIFACT_REGISTRY","state":"NOT_STARTED"},{"name":"SERVICE","message":"Deleting Cloud Run service","state":"IN_PROGRESS","resource":"projects/inuichiba-ffprod/locations/us-central1/services/api"}],"operationType":"DELETE_FUNCTION"},"done":false}
[debug] [2025-04-11T22:20:08.648Z] [delete-default-us-central1-webhook] Retrying task index 0
[debug] [2025-04-11T22:20:08.649Z] Checked if tokens are valid: true, expires at: 1744413549193
[debug] [2025-04-11T22:20:08.649Z] Checked if tokens are valid: true, expires at: 1744413549193
[debug] [2025-04-11T22:20:08.650Z] >>> [apiv2][query] GET https://cloudfunctions.googleapis.com/v2/projects/inuichiba-ffprod/locations/us-central1/operations/operation-1744410006163-632881ac28f21-003a0f21-34809e5f [none]
[debug] [2025-04-11T22:20:08.664Z] [delete-default-us-central1-api] Retrying task index 0
[debug] [2025-04-11T22:20:08.664Z] Checked if tokens are valid: true, expires at: 1744413549193
[debug] [2025-04-11T22:20:08.664Z] Checked if tokens are valid: true, expires at: 1744413549193
[debug] [2025-04-11T22:20:08.665Z] >>> [apiv2][query] GET https://cloudfunctions.googleapis.com/v2/projects/inuichiba-ffprod/locations/us-central1/operations/operation-1744410006201-632881ac322af-479e717a-a871d3b9 [none]
[debug] [2025-04-11T22:20:08.718Z] <<< [apiv2][status] POST https://cloudfunctions.googleapis.com/v2/projects/inuichiba-ffprod/locations/asia-northeast1/functions 200
[debug] [2025-04-11T22:20:08.719Z] <<< [apiv2][body] POST https://cloudfunctions.googleapis.com/v2/projects/inuichiba-ffprod/locations/asia-northeast1/functions {"name":"projects/inuichiba-ffprod/locations/asia-northeast1/operations/operation-1744410005528-632881ab8e184-fe147854-34a970f3","metadata":{"@type":"type.googleapis.com/google.cloud.functions.v2.OperationMetadata","createTime":"2025-04-11T22:20:07.844209819Z","target":"projects/inuichiba-ffprod/locations/asia-northeast1/functions/webhook","verb":"create","cancelRequested":false,"apiVersion":"v2"},"done":false}
[debug] [2025-04-11T22:20:08.720Z] Checked if tokens are valid: true, expires at: 1744413549193
[debug] [2025-04-11T22:20:08.720Z] Checked if tokens are valid: true, expires at: 1744413549193
[debug] [2025-04-11T22:20:08.720Z] >>> [apiv2][query] GET https://cloudfunctions.googleapis.com/v2/projects/inuichiba-ffprod/locations/asia-northeast1/operations/operation-1744410005528-632881ab8e184-fe147854-34a970f3 [none]
[debug] [2025-04-11T22:20:09.092Z] <<< [apiv2][status] GET https://cloudfunctions.googleapis.com/v2/projects/inuichiba-ffprod/locations/asia-northeast1/operations/operation-1744410005528-632881ab8e184-fe147854-34a970f3 200
[debug] [2025-04-11T22:20:09.093Z] <<< [apiv2][body] GET https://cloudfunctions.googleapis.com/v2/projects/inuichiba-ffprod/locations/asia-northeast1/operations/operation-1744410005528-632881ab8e184-fe147854-34a970f3 {"name":"projects/inuichiba-ffprod/locations/asia-northeast1/operations/operation-1744410005528-632881ab8e184-fe147854-34a970f3","metadata":{"@type":"type.googleapis.com/google.cloud.functions.v2.OperationMetadata","createTime":"2025-04-11T22:20:07.844209819Z","target":"projects/inuichiba-ffprod/locations/asia-northeast1/functions/webhook","verb":"create","cancelRequested":false,"apiVersion":"v2","requestResource":{"@type":"type.googleapis.com/google.cloud.functions.v2.Function","name":"projects/inuichiba-ffprod/locations/asia-northeast1/functions/webhook","buildConfig":{"runtime":"nodejs22","entryPoint":"webhook","source":{"storageSource":{"bucket":"gcf-v2-sources-757611015224-asia-northeast1","object":"webhook/function-source.zip","generation":"1744410007295188"}},"environmentVariables":{"GOOGLE_NODE_RUN_SCRIPTS":""},"serviceAccount":"projects/inuichiba-ffprod/serviceAccounts/757611015224-compute@developer.gserviceaccount.com","automaticUpdatePolicy":{}},"serviceConfig":{"service":"projects/inuichiba-ffprod/locations/asia-northeast1/services/webhook","timeoutSeconds":60,"environmentVariables":{"CHANNEL_ACCESS_TOKEN_PROD":"/0/AD5jmDpc4mgJ3/XCZ7nH28vnxRRhddsMnE9DJV6fo7Iod3vvBwSF7v9utHEInCzZcjkDLFGE3LYZB2Q/PZEjtJSOm0sn8a7Bcu/v6DHdbx/cHkjdv6oWRmcToLKPYZmh1gEcSjHr0A/rSTxhmbAdB04t89/1O/w1cDnyilFU=","CHANNEL_SECRET_PROD":"cf9472531e498e75d65cc0b396436dec","SUPABASE_URL":"https://ollbklkdnzonbxopfwqk.supabase.co","SUPABASE_SERVICE_ROLE_KEY_PROD":"eyJhbGciOiJIUzI1NiIsInR5cCI6IkpXVCJ9.eyJpc3MiOiJzdXBhYmFzZSIsInJlZiI6Im9sbGJrbGtkbnpvbmJ4b3Bmd3FrIiwicm9sZSI6InNlcnZpY2Vfcm9sZSIsImlhdCI6MTc0MzI5MjYzMCwiZXhwIjoyMDU4ODY4NjMwfQ.U6bDiuPz1uDcFe_ELHrEgv8a12eKYpLXAucR6DrV7Fs","SUPABASE_TABLE_NAME_PROD":"users_ffprod","MY_LINE_USER_ID":"Ubabd65c8e4933322c46374c435c82a7b","TARGET_MENU_NAME":"タブＡ(左側メニュー)2025秋","FIREBASE_CONFIG":"{\"projectId\":\"inuichiba-ffprod\",\"storageBucket\":\"inuichiba-ffprod.firebasestorage.app\"}","GCLOUD_PROJECT":"inuichiba-ffprod","EVENTARC_CLOUD_EVENT_SOURCE":"projects/inuichiba-ffprod/locations/asia-northeast1/services/webhook","FUNCTION_TARGET":"webhook","LOG_EXECUTION_ID":"true"},"ingressSettings":"ALLOW_ALL","serviceAccountEmail":"757611015224-compute@developer.gserviceaccount.com","availableMemory":"256Mi","secretEnvironmentVariables":[{"key":"NODE_ENV","projectId":"inuichiba-ffprod","secret":"NODE_ENV","version":"2"}],"maxInstanceRequestConcurrency":80,"availableCpu":"1"},"labels":{"deployment-tool":"cli-firebase","firebase-functions-hash":"d80304f55d6ed59f87a10d6cdfc4215986442250"},"environment":"GEN_2"},"stages":[{"name":"BUILD","state":"NOT_STARTED"},{"name":"SERVICE","state":"NOT_STARTED"}],"operationType":"CREATE_FUNCTION"},"done":false}
[debug] [2025-04-11T22:20:09.605Z] [create-default-asia-northeast1-webhook] Retrying task index 0
[debug] [2025-04-11T22:20:09.606Z] Checked if tokens are valid: true, expires at: 1744413549193
[debug] [2025-04-11T22:20:09.606Z] Checked if tokens are valid: true, expires at: 1744413549193
[debug] [2025-04-11T22:20:09.606Z] >>> [apiv2][query] GET https://cloudfunctions.googleapis.com/v2/projects/inuichiba-ffprod/locations/asia-northeast1/operations/operation-1744410005528-632881ab8e184-fe147854-34a970f3 [none]
[debug] [2025-04-11T22:20:09.637Z] <<< [apiv2][status] GET https://cloudfunctions.googleapis.com/v2/projects/inuichiba-ffprod/locations/us-central1/operations/operation-1744410006163-632881ac28f21-003a0f21-34809e5f 200
[debug] [2025-04-11T22:20:09.638Z] <<< [apiv2][body] GET https://cloudfunctions.googleapis.com/v2/projects/inuichiba-ffprod/locations/us-central1/operations/operation-1744410006163-632881ac28f21-003a0f21-34809e5f {"name":"projects/inuichiba-ffprod/locations/us-central1/operations/operation-1744410006163-632881ac28f21-003a0f21-34809e5f","metadata":{"@type":"type.googleapis.com/google.cloud.functions.v2.OperationMetadata","createTime":"2025-04-11T22:20:06.184585420Z","endTime":"2025-04-11T22:20:07.491916759Z","target":"projects/inuichiba-ffprod/locations/us-central1/functions/webhook","verb":"delete","cancelRequested":false,"apiVersion":"v2","requestResource":{"@type":"type.googleapis.com/google.cloud.functions.v2.Function","name":"projects/inuichiba-ffprod/locations/us-central1/functions/webhook","environment":"GEN_2"},"stages":[{"name":"ARTIFACT_REGISTRY","message":"Deleting function artifacts in Artifact Registry","state":"COMPLETE"},{"name":"SERVICE","message":"Deleting Cloud Run service","state":"COMPLETE","resource":"projects/inuichiba-ffprod/locations/us-central1/services/webhook"}],"operationType":"DELETE_FUNCTION"},"done":true,"response":{"@type":"type.googleapis.com/google.protobuf.Empty"}}
[info] +  functions[webhook(us-central1)] Successful delete operation. 
[debug] [2025-04-11T22:20:09.662Z] <<< [apiv2][status] GET https://cloudfunctions.googleapis.com/v2/projects/inuichiba-ffprod/locations/us-central1/operations/operation-1744410006201-632881ac322af-479e717a-a871d3b9 200
[debug] [2025-04-11T22:20:09.662Z] <<< [apiv2][body] GET https://cloudfunctions.googleapis.com/v2/projects/inuichiba-ffprod/locations/us-central1/operations/operation-1744410006201-632881ac322af-479e717a-a871d3b9 {"name":"projects/inuichiba-ffprod/locations/us-central1/operations/operation-1744410006201-632881ac322af-479e717a-a871d3b9","metadata":{"@type":"type.googleapis.com/google.cloud.functions.v2.OperationMetadata","createTime":"2025-04-11T22:20:06.215813948Z","endTime":"2025-04-11T22:20:07.655594112Z","target":"projects/inuichiba-ffprod/locations/us-central1/functions/api","verb":"delete","cancelRequested":false,"apiVersion":"v2","requestResource":{"@type":"type.googleapis.com/google.cloud.functions.v2.Function","name":"projects/inuichiba-ffprod/locations/us-central1/functions/api","environment":"GEN_2"},"stages":[{"name":"ARTIFACT_REGISTRY","message":"Deleting function artifacts in Artifact Registry","state":"COMPLETE"},{"name":"SERVICE","message":"Deleting Cloud Run service","state":"COMPLETE","resource":"projects/inuichiba-ffprod/locations/us-central1/services/api"}],"operationType":"DELETE_FUNCTION"},"done":true,"response":{"@type":"type.googleapis.com/google.protobuf.Empty"}}
[info] +  functions[api(us-central1)] Successful delete operation. 
[debug] [2025-04-11T22:20:09.968Z] <<< [apiv2][status] GET https://cloudfunctions.googleapis.com/v2/projects/inuichiba-ffprod/locations/asia-northeast1/operations/operation-1744410005528-632881ab8e184-fe147854-34a970f3 200
[debug] [2025-04-11T22:20:09.968Z] <<< [apiv2][body] GET https://cloudfunctions.googleapis.com/v2/projects/inuichiba-ffprod/locations/asia-northeast1/operations/operation-1744410005528-632881ab8e184-fe147854-34a970f3 {"name":"projects/inuichiba-ffprod/locations/asia-northeast1/operations/operation-1744410005528-632881ab8e184-fe147854-34a970f3","metadata":{"@type":"type.googleapis.com/google.cloud.functions.v2.OperationMetadata","createTime":"2025-04-11T22:20:07.844209819Z","target":"projects/inuichiba-ffprod/locations/asia-northeast1/functions/webhook","verb":"create","cancelRequested":false,"apiVersion":"v2","requestResource":{"@type":"type.googleapis.com/google.cloud.functions.v2.Function","name":"projects/inuichiba-ffprod/locations/asia-northeast1/functions/webhook","buildConfig":{"runtime":"nodejs22","entryPoint":"webhook","source":{"storageSource":{"bucket":"gcf-v2-sources-757611015224-asia-northeast1","object":"webhook/function-source.zip","generation":"1744410007295188"}},"environmentVariables":{"GOOGLE_NODE_RUN_SCRIPTS":""},"serviceAccount":"projects/inuichiba-ffprod/serviceAccounts/757611015224-compute@developer.gserviceaccount.com","automaticUpdatePolicy":{}},"serviceConfig":{"service":"projects/inuichiba-ffprod/locations/asia-northeast1/services/webhook","timeoutSeconds":60,"environmentVariables":{"CHANNEL_ACCESS_TOKEN_PROD":"/0/AD5jmDpc4mgJ3/XCZ7nH28vnxRRhddsMnE9DJV6fo7Iod3vvBwSF7v9utHEInCzZcjkDLFGE3LYZB2Q/PZEjtJSOm0sn8a7Bcu/v6DHdbx/cHkjdv6oWRmcToLKPYZmh1gEcSjHr0A/rSTxhmbAdB04t89/1O/w1cDnyilFU=","CHANNEL_SECRET_PROD":"cf9472531e498e75d65cc0b396436dec","SUPABASE_URL":"https://ollbklkdnzonbxopfwqk.supabase.co","SUPABASE_SERVICE_ROLE_KEY_PROD":"eyJhbGciOiJIUzI1NiIsInR5cCI6IkpXVCJ9.eyJpc3MiOiJzdXBhYmFzZSIsInJlZiI6Im9sbGJrbGtkbnpvbmJ4b3Bmd3FrIiwicm9sZSI6InNlcnZpY2Vfcm9sZSIsImlhdCI6MTc0MzI5MjYzMCwiZXhwIjoyMDU4ODY4NjMwfQ.U6bDiuPz1uDcFe_ELHrEgv8a12eKYpLXAucR6DrV7Fs","SUPABASE_TABLE_NAME_PROD":"users_ffprod","MY_LINE_USER_ID":"Ubabd65c8e4933322c46374c435c82a7b","TARGET_MENU_NAME":"タブＡ(左側メニュー)2025秋","FIREBASE_CONFIG":"{\"projectId\":\"inuichiba-ffprod\",\"storageBucket\":\"inuichiba-ffprod.firebasestorage.app\"}","GCLOUD_PROJECT":"inuichiba-ffprod","EVENTARC_CLOUD_EVENT_SOURCE":"projects/inuichiba-ffprod/locations/asia-northeast1/services/webhook","FUNCTION_TARGET":"webhook","LOG_EXECUTION_ID":"true"},"ingressSettings":"ALLOW_ALL","serviceAccountEmail":"757611015224-compute@developer.gserviceaccount.com","availableMemory":"256Mi","secretEnvironmentVariables":[{"key":"NODE_ENV","projectId":"inuichiba-ffprod","secret":"NODE_ENV","version":"2"}],"maxInstanceRequestConcurrency":80,"availableCpu":"1"},"labels":{"deployment-tool":"cli-firebase","firebase-functions-hash":"d80304f55d6ed59f87a10d6cdfc4215986442250"},"environment":"GEN_2"},"stages":[{"name":"BUILD","state":"NOT_STARTED"},{"name":"SERVICE","state":"NOT_STARTED"}],"operationType":"CREATE_FUNCTION"},"done":false}
[debug] [2025-04-11T22:20:10.969Z] [create-default-asia-northeast1-webhook] Retrying task index 0
[debug] [2025-04-11T22:20:10.970Z] Checked if tokens are valid: true, expires at: 1744413549193
[debug] [2025-04-11T22:20:10.970Z] Checked if tokens are valid: true, expires at: 1744413549193
[debug] [2025-04-11T22:20:10.970Z] >>> [apiv2][query] GET https://cloudfunctions.googleapis.com/v2/projects/inuichiba-ffprod/locations/asia-northeast1/operations/operation-1744410005528-632881ab8e184-fe147854-34a970f3 [none]
[debug] [2025-04-11T22:20:11.327Z] <<< [apiv2][status] GET https://cloudfunctions.googleapis.com/v2/projects/inuichiba-ffprod/locations/asia-northeast1/operations/operation-1744410005528-632881ab8e184-fe147854-34a970f3 200
[debug] [2025-04-11T22:20:11.327Z] <<< [apiv2][body] GET https://cloudfunctions.googleapis.com/v2/projects/inuichiba-ffprod/locations/asia-northeast1/operations/operation-1744410005528-632881ab8e184-fe147854-34a970f3 {"name":"projects/inuichiba-ffprod/locations/asia-northeast1/operations/operation-1744410005528-632881ab8e184-fe147854-34a970f3","metadata":{"@type":"type.googleapis.com/google.cloud.functions.v2.OperationMetadata","createTime":"2025-04-11T22:20:07.844209819Z","target":"projects/inuichiba-ffprod/locations/asia-northeast1/functions/webhook","verb":"create","cancelRequested":false,"apiVersion":"v2","requestResource":{"@type":"type.googleapis.com/google.cloud.functions.v2.Function","name":"projects/inuichiba-ffprod/locations/asia-northeast1/functions/webhook","buildConfig":{"runtime":"nodejs22","entryPoint":"webhook","source":{"storageSource":{"bucket":"gcf-v2-sources-757611015224-asia-northeast1","object":"webhook/function-source.zip","generation":"1744410007295188"}},"environmentVariables":{"GOOGLE_NODE_RUN_SCRIPTS":""},"serviceAccount":"projects/inuichiba-ffprod/serviceAccounts/757611015224-compute@developer.gserviceaccount.com","automaticUpdatePolicy":{}},"serviceConfig":{"service":"projects/inuichiba-ffprod/locations/asia-northeast1/services/webhook","timeoutSeconds":60,"environmentVariables":{"CHANNEL_ACCESS_TOKEN_PROD":"/0/AD5jmDpc4mgJ3/XCZ7nH28vnxRRhddsMnE9DJV6fo7Iod3vvBwSF7v9utHEInCzZcjkDLFGE3LYZB2Q/PZEjtJSOm0sn8a7Bcu/v6DHdbx/cHkjdv6oWRmcToLKPYZmh1gEcSjHr0A/rSTxhmbAdB04t89/1O/w1cDnyilFU=","CHANNEL_SECRET_PROD":"cf9472531e498e75d65cc0b396436dec","SUPABASE_URL":"https://ollbklkdnzonbxopfwqk.supabase.co","SUPABASE_SERVICE_ROLE_KEY_PROD":"eyJhbGciOiJIUzI1NiIsInR5cCI6IkpXVCJ9.eyJpc3MiOiJzdXBhYmFzZSIsInJlZiI6Im9sbGJrbGtkbnpvbmJ4b3Bmd3FrIiwicm9sZSI6InNlcnZpY2Vfcm9sZSIsImlhdCI6MTc0MzI5MjYzMCwiZXhwIjoyMDU4ODY4NjMwfQ.U6bDiuPz1uDcFe_ELHrEgv8a12eKYpLXAucR6DrV7Fs","SUPABASE_TABLE_NAME_PROD":"users_ffprod","MY_LINE_USER_ID":"Ubabd65c8e4933322c46374c435c82a7b","TARGET_MENU_NAME":"タブＡ(左側メニュー)2025秋","FIREBASE_CONFIG":"{\"projectId\":\"inuichiba-ffprod\",\"storageBucket\":\"inuichiba-ffprod.firebasestorage.app\"}","GCLOUD_PROJECT":"inuichiba-ffprod","EVENTARC_CLOUD_EVENT_SOURCE":"projects/inuichiba-ffprod/locations/asia-northeast1/services/webhook","FUNCTION_TARGET":"webhook","LOG_EXECUTION_ID":"true"},"ingressSettings":"ALLOW_ALL","serviceAccountEmail":"757611015224-compute@developer.gserviceaccount.com","availableMemory":"256Mi","secretEnvironmentVariables":[{"key":"NODE_ENV","projectId":"inuichiba-ffprod","secret":"NODE_ENV","version":"2"}],"maxInstanceRequestConcurrency":80,"availableCpu":"1"},"labels":{"deployment-tool":"cli-firebase","firebase-functions-hash":"d80304f55d6ed59f87a10d6cdfc4215986442250"},"environment":"GEN_2"},"stages":[{"name":"BUILD","state":"NOT_STARTED"},{"name":"SERVICE","state":"NOT_STARTED"}],"operationType":"CREATE_FUNCTION"},"done":false}
[debug] [2025-04-11T22:20:13.336Z] [create-default-asia-northeast1-webhook] Retrying task index 0
[debug] [2025-04-11T22:20:13.337Z] Checked if tokens are valid: true, expires at: 1744413549193
[debug] [2025-04-11T22:20:13.337Z] Checked if tokens are valid: true, expires at: 1744413549193
[debug] [2025-04-11T22:20:13.337Z] >>> [apiv2][query] GET https://cloudfunctions.googleapis.com/v2/projects/inuichiba-ffprod/locations/asia-northeast1/operations/operation-1744410005528-632881ab8e184-fe147854-34a970f3 [none]
[debug] [2025-04-11T22:20:13.642Z] <<< [apiv2][status] GET https://cloudfunctions.googleapis.com/v2/projects/inuichiba-ffprod/locations/asia-northeast1/operations/operation-1744410005528-632881ab8e184-fe147854-34a970f3 200
[debug] [2025-04-11T22:20:13.642Z] <<< [apiv2][body] GET https://cloudfunctions.googleapis.com/v2/projects/inuichiba-ffprod/locations/asia-northeast1/operations/operation-1744410005528-632881ab8e184-fe147854-34a970f3 {"name":"projects/inuichiba-ffprod/locations/asia-northeast1/operations/operation-1744410005528-632881ab8e184-fe147854-34a970f3","metadata":{"@type":"type.googleapis.com/google.cloud.functions.v2.OperationMetadata","createTime":"2025-04-11T22:20:07.844209819Z","target":"projects/inuichiba-ffprod/locations/asia-northeast1/functions/webhook","verb":"create","cancelRequested":false,"apiVersion":"v2","requestResource":{"@type":"type.googleapis.com/google.cloud.functions.v2.Function","name":"projects/inuichiba-ffprod/locations/asia-northeast1/functions/webhook","buildConfig":{"runtime":"nodejs22","entryPoint":"webhook","source":{"storageSource":{"bucket":"gcf-v2-sources-757611015224-asia-northeast1","object":"webhook/function-source.zip","generation":"1744410007295188"}},"environmentVariables":{"GOOGLE_NODE_RUN_SCRIPTS":""},"serviceAccount":"projects/inuichiba-ffprod/serviceAccounts/757611015224-compute@developer.gserviceaccount.com","automaticUpdatePolicy":{}},"serviceConfig":{"service":"projects/inuichiba-ffprod/locations/asia-northeast1/services/webhook","timeoutSeconds":60,"environmentVariables":{"CHANNEL_ACCESS_TOKEN_PROD":"/0/AD5jmDpc4mgJ3/XCZ7nH28vnxRRhddsMnE9DJV6fo7Iod3vvBwSF7v9utHEInCzZcjkDLFGE3LYZB2Q/PZEjtJSOm0sn8a7Bcu/v6DHdbx/cHkjdv6oWRmcToLKPYZmh1gEcSjHr0A/rSTxhmbAdB04t89/1O/w1cDnyilFU=","CHANNEL_SECRET_PROD":"cf9472531e498e75d65cc0b396436dec","SUPABASE_URL":"https://ollbklkdnzonbxopfwqk.supabase.co","SUPABASE_SERVICE_ROLE_KEY_PROD":"eyJhbGciOiJIUzI1NiIsInR5cCI6IkpXVCJ9.eyJpc3MiOiJzdXBhYmFzZSIsInJlZiI6Im9sbGJrbGtkbnpvbmJ4b3Bmd3FrIiwicm9sZSI6InNlcnZpY2Vfcm9sZSIsImlhdCI6MTc0MzI5MjYzMCwiZXhwIjoyMDU4ODY4NjMwfQ.U6bDiuPz1uDcFe_ELHrEgv8a12eKYpLXAucR6DrV7Fs","SUPABASE_TABLE_NAME_PROD":"users_ffprod","MY_LINE_USER_ID":"Ubabd65c8e4933322c46374c435c82a7b","TARGET_MENU_NAME":"タブＡ(左側メニュー)2025秋","FIREBASE_CONFIG":"{\"projectId\":\"inuichiba-ffprod\",\"storageBucket\":\"inuichiba-ffprod.firebasestorage.app\"}","GCLOUD_PROJECT":"inuichiba-ffprod","EVENTARC_CLOUD_EVENT_SOURCE":"projects/inuichiba-ffprod/locations/asia-northeast1/services/webhook","FUNCTION_TARGET":"webhook","LOG_EXECUTION_ID":"true"},"ingressSettings":"ALLOW_ALL","serviceAccountEmail":"757611015224-compute@developer.gserviceaccount.com","availableMemory":"256Mi","secretEnvironmentVariables":[{"key":"NODE_ENV","projectId":"inuichiba-ffprod","secret":"NODE_ENV","version":"2"}],"maxInstanceRequestConcurrency":80,"availableCpu":"1"},"labels":{"deployment-tool":"cli-firebase","firebase-functions-hash":"d80304f55d6ed59f87a10d6cdfc4215986442250"},"environment":"GEN_2"},"stages":[{"name":"BUILD","state":"NOT_STARTED"},{"name":"SERVICE","state":"NOT_STARTED"}],"operationType":"CREATE_FUNCTION"},"done":false}
[debug] [2025-04-11T22:20:17.648Z] [create-default-asia-northeast1-webhook] Retrying task index 0
[debug] [2025-04-11T22:20:17.648Z] Checked if tokens are valid: true, expires at: 1744413549193
[debug] [2025-04-11T22:20:17.648Z] Checked if tokens are valid: true, expires at: 1744413549193
[debug] [2025-04-11T22:20:17.648Z] >>> [apiv2][query] GET https://cloudfunctions.googleapis.com/v2/projects/inuichiba-ffprod/locations/asia-northeast1/operations/operation-1744410005528-632881ab8e184-fe147854-34a970f3 [none]
[debug] [2025-04-11T22:20:17.951Z] <<< [apiv2][status] GET https://cloudfunctions.googleapis.com/v2/projects/inuichiba-ffprod/locations/asia-northeast1/operations/operation-1744410005528-632881ab8e184-fe147854-34a970f3 200
[debug] [2025-04-11T22:20:17.951Z] <<< [apiv2][body] GET https://cloudfunctions.googleapis.com/v2/projects/inuichiba-ffprod/locations/asia-northeast1/operations/operation-1744410005528-632881ab8e184-fe147854-34a970f3 {"name":"projects/inuichiba-ffprod/locations/asia-northeast1/operations/operation-1744410005528-632881ab8e184-fe147854-34a970f3","metadata":{"@type":"type.googleapis.com/google.cloud.functions.v2.OperationMetadata","createTime":"2025-04-11T22:20:07.844209819Z","target":"projects/inuichiba-ffprod/locations/asia-northeast1/functions/webhook","verb":"create","cancelRequested":false,"apiVersion":"v2","requestResource":{"@type":"type.googleapis.com/google.cloud.functions.v2.Function","name":"projects/inuichiba-ffprod/locations/asia-northeast1/functions/webhook","buildConfig":{"runtime":"nodejs22","entryPoint":"webhook","source":{"storageSource":{"bucket":"gcf-v2-sources-757611015224-asia-northeast1","object":"webhook/function-source.zip","generation":"1744410007295188"}},"environmentVariables":{"GOOGLE_NODE_RUN_SCRIPTS":""},"serviceAccount":"projects/inuichiba-ffprod/serviceAccounts/757611015224-compute@developer.gserviceaccount.com","automaticUpdatePolicy":{}},"serviceConfig":{"service":"projects/inuichiba-ffprod/locations/asia-northeast1/services/webhook","timeoutSeconds":60,"environmentVariables":{"CHANNEL_ACCESS_TOKEN_PROD":"/0/AD5jmDpc4mgJ3/XCZ7nH28vnxRRhddsMnE9DJV6fo7Iod3vvBwSF7v9utHEInCzZcjkDLFGE3LYZB2Q/PZEjtJSOm0sn8a7Bcu/v6DHdbx/cHkjdv6oWRmcToLKPYZmh1gEcSjHr0A/rSTxhmbAdB04t89/1O/w1cDnyilFU=","CHANNEL_SECRET_PROD":"cf9472531e498e75d65cc0b396436dec","SUPABASE_URL":"https://ollbklkdnzonbxopfwqk.supabase.co","SUPABASE_SERVICE_ROLE_KEY_PROD":"eyJhbGciOiJIUzI1NiIsInR5cCI6IkpXVCJ9.eyJpc3MiOiJzdXBhYmFzZSIsInJlZiI6Im9sbGJrbGtkbnpvbmJ4b3Bmd3FrIiwicm9sZSI6InNlcnZpY2Vfcm9sZSIsImlhdCI6MTc0MzI5MjYzMCwiZXhwIjoyMDU4ODY4NjMwfQ.U6bDiuPz1uDcFe_ELHrEgv8a12eKYpLXAucR6DrV7Fs","SUPABASE_TABLE_NAME_PROD":"users_ffprod","MY_LINE_USER_ID":"Ubabd65c8e4933322c46374c435c82a7b","TARGET_MENU_NAME":"タブＡ(左側メニュー)2025秋","FIREBASE_CONFIG":"{\"projectId\":\"inuichiba-ffprod\",\"storageBucket\":\"inuichiba-ffprod.firebasestorage.app\"}","GCLOUD_PROJECT":"inuichiba-ffprod","EVENTARC_CLOUD_EVENT_SOURCE":"projects/inuichiba-ffprod/locations/asia-northeast1/services/webhook","FUNCTION_TARGET":"webhook","LOG_EXECUTION_ID":"true"},"ingressSettings":"ALLOW_ALL","serviceAccountEmail":"757611015224-compute@developer.gserviceaccount.com","availableMemory":"256Mi","secretEnvironmentVariables":[{"key":"NODE_ENV","projectId":"inuichiba-ffprod","secret":"NODE_ENV","version":"2"}],"maxInstanceRequestConcurrency":80,"availableCpu":"1"},"labels":{"deployment-tool":"cli-firebase","firebase-functions-hash":"d80304f55d6ed59f87a10d6cdfc4215986442250"},"environment":"GEN_2"},"stages":[{"name":"BUILD","state":"NOT_STARTED"},{"name":"SERVICE","state":"NOT_STARTED"}],"operationType":"CREATE_FUNCTION"},"done":false}
[debug] [2025-04-11T22:20:25.963Z] [create-default-asia-northeast1-webhook] Retrying task index 0
[debug] [2025-04-11T22:20:25.963Z] Checked if tokens are valid: true, expires at: 1744413549193
[debug] [2025-04-11T22:20:25.964Z] Checked if tokens are valid: true, expires at: 1744413549193
[debug] [2025-04-11T22:20:25.964Z] >>> [apiv2][query] GET https://cloudfunctions.googleapis.com/v2/projects/inuichiba-ffprod/locations/asia-northeast1/operations/operation-1744410005528-632881ab8e184-fe147854-34a970f3 [none]
[debug] [2025-04-11T22:20:26.335Z] <<< [apiv2][status] GET https://cloudfunctions.googleapis.com/v2/projects/inuichiba-ffprod/locations/asia-northeast1/operations/operation-1744410005528-632881ab8e184-fe147854-34a970f3 200
[debug] [2025-04-11T22:20:26.336Z] <<< [apiv2][body] GET https://cloudfunctions.googleapis.com/v2/projects/inuichiba-ffprod/locations/asia-northeast1/operations/operation-1744410005528-632881ab8e184-fe147854-34a970f3 {"name":"projects/inuichiba-ffprod/locations/asia-northeast1/operations/operation-1744410005528-632881ab8e184-fe147854-34a970f3","metadata":{"@type":"type.googleapis.com/google.cloud.functions.v2.OperationMetadata","createTime":"2025-04-11T22:20:07.844209819Z","target":"projects/inuichiba-ffprod/locations/asia-northeast1/functions/webhook","verb":"create","cancelRequested":false,"apiVersion":"v2","requestResource":{"@type":"type.googleapis.com/google.cloud.functions.v2.Function","name":"projects/inuichiba-ffprod/locations/asia-northeast1/functions/webhook","buildConfig":{"runtime":"nodejs22","entryPoint":"webhook","source":{"storageSource":{"bucket":"gcf-v2-sources-757611015224-asia-northeast1","object":"webhook/function-source.zip","generation":"1744410007295188"}},"environmentVariables":{"GOOGLE_NODE_RUN_SCRIPTS":""},"serviceAccount":"projects/inuichiba-ffprod/serviceAccounts/757611015224-compute@developer.gserviceaccount.com","automaticUpdatePolicy":{}},"serviceConfig":{"service":"projects/inuichiba-ffprod/locations/asia-northeast1/services/webhook","timeoutSeconds":60,"environmentVariables":{"CHANNEL_ACCESS_TOKEN_PROD":"/0/AD5jmDpc4mgJ3/XCZ7nH28vnxRRhddsMnE9DJV6fo7Iod3vvBwSF7v9utHEInCzZcjkDLFGE3LYZB2Q/PZEjtJSOm0sn8a7Bcu/v6DHdbx/cHkjdv6oWRmcToLKPYZmh1gEcSjHr0A/rSTxhmbAdB04t89/1O/w1cDnyilFU=","CHANNEL_SECRET_PROD":"cf9472531e498e75d65cc0b396436dec","SUPABASE_URL":"https://ollbklkdnzonbxopfwqk.supabase.co","SUPABASE_SERVICE_ROLE_KEY_PROD":"eyJhbGciOiJIUzI1NiIsInR5cCI6IkpXVCJ9.eyJpc3MiOiJzdXBhYmFzZSIsInJlZiI6Im9sbGJrbGtkbnpvbmJ4b3Bmd3FrIiwicm9sZSI6InNlcnZpY2Vfcm9sZSIsImlhdCI6MTc0MzI5MjYzMCwiZXhwIjoyMDU4ODY4NjMwfQ.U6bDiuPz1uDcFe_ELHrEgv8a12eKYpLXAucR6DrV7Fs","SUPABASE_TABLE_NAME_PROD":"users_ffprod","MY_LINE_USER_ID":"Ubabd65c8e4933322c46374c435c82a7b","TARGET_MENU_NAME":"タブＡ(左側メニュー)2025秋","FIREBASE_CONFIG":"{\"projectId\":\"inuichiba-ffprod\",\"storageBucket\":\"inuichiba-ffprod.firebasestorage.app\"}","GCLOUD_PROJECT":"inuichiba-ffprod","EVENTARC_CLOUD_EVENT_SOURCE":"projects/inuichiba-ffprod/locations/asia-northeast1/services/webhook","FUNCTION_TARGET":"webhook","LOG_EXECUTION_ID":"true"},"ingressSettings":"ALLOW_ALL","serviceAccountEmail":"757611015224-compute@developer.gserviceaccount.com","availableMemory":"256Mi","secretEnvironmentVariables":[{"key":"NODE_ENV","projectId":"inuichiba-ffprod","secret":"NODE_ENV","version":"2"}],"maxInstanceRequestConcurrency":80,"availableCpu":"1"},"labels":{"deployment-tool":"cli-firebase","firebase-functions-hash":"d80304f55d6ed59f87a10d6cdfc4215986442250"},"environment":"GEN_2"},"stages":[{"name":"BUILD","message":"Build in progress","state":"IN_PROGRESS","resource":"projects/757611015224/locations/asia-northeast1/builds/fcb915d5-0968-40cf-88c2-745e83231f07","resourceUri":"https://console.cloud.google.com/cloud-build/builds;region=asia-northeast1/fcb915d5-0968-40cf-88c2-745e83231f07?project=757611015224"},{"name":"SERVICE","state":"NOT_STARTED"}],"operationType":"CREATE_FUNCTION","buildName":"projects/757611015224/locations/asia-northeast1/builds/fcb915d5-0968-40cf-88c2-745e83231f07"},"done":false}
[debug] [2025-04-11T22:20:36.345Z] [create-default-asia-northeast1-webhook] Retrying task index 0
[debug] [2025-04-11T22:20:36.346Z] Checked if tokens are valid: true, expires at: 1744413549193
[debug] [2025-04-11T22:20:36.346Z] Checked if tokens are valid: true, expires at: 1744413549193
[debug] [2025-04-11T22:20:36.347Z] >>> [apiv2][query] GET https://cloudfunctions.googleapis.com/v2/projects/inuichiba-ffprod/locations/asia-northeast1/operations/operation-1744410005528-632881ab8e184-fe147854-34a970f3 [none]
[debug] [2025-04-11T22:20:36.733Z] <<< [apiv2][status] GET https://cloudfunctions.googleapis.com/v2/projects/inuichiba-ffprod/locations/asia-northeast1/operations/operation-1744410005528-632881ab8e184-fe147854-34a970f3 200
[debug] [2025-04-11T22:20:36.733Z] <<< [apiv2][body] GET https://cloudfunctions.googleapis.com/v2/projects/inuichiba-ffprod/locations/asia-northeast1/operations/operation-1744410005528-632881ab8e184-fe147854-34a970f3 {"name":"projects/inuichiba-ffprod/locations/asia-northeast1/operations/operation-1744410005528-632881ab8e184-fe147854-34a970f3","metadata":{"@type":"type.googleapis.com/google.cloud.functions.v2.OperationMetadata","createTime":"2025-04-11T22:20:07.844209819Z","target":"projects/inuichiba-ffprod/locations/asia-northeast1/functions/webhook","verb":"create","cancelRequested":false,"apiVersion":"v2","requestResource":{"@type":"type.googleapis.com/google.cloud.functions.v2.Function","name":"projects/inuichiba-ffprod/locations/asia-northeast1/functions/webhook","buildConfig":{"runtime":"nodejs22","entryPoint":"webhook","source":{"storageSource":{"bucket":"gcf-v2-sources-757611015224-asia-northeast1","object":"webhook/function-source.zip","generation":"1744410007295188"}},"environmentVariables":{"GOOGLE_NODE_RUN_SCRIPTS":""},"serviceAccount":"projects/inuichiba-ffprod/serviceAccounts/757611015224-compute@developer.gserviceaccount.com","automaticUpdatePolicy":{}},"serviceConfig":{"service":"projects/inuichiba-ffprod/locations/asia-northeast1/services/webhook","timeoutSeconds":60,"environmentVariables":{"CHANNEL_ACCESS_TOKEN_PROD":"/0/AD5jmDpc4mgJ3/XCZ7nH28vnxRRhddsMnE9DJV6fo7Iod3vvBwSF7v9utHEInCzZcjkDLFGE3LYZB2Q/PZEjtJSOm0sn8a7Bcu/v6DHdbx/cHkjdv6oWRmcToLKPYZmh1gEcSjHr0A/rSTxhmbAdB04t89/1O/w1cDnyilFU=","CHANNEL_SECRET_PROD":"cf9472531e498e75d65cc0b396436dec","SUPABASE_URL":"https://ollbklkdnzonbxopfwqk.supabase.co","SUPABASE_SERVICE_ROLE_KEY_PROD":"eyJhbGciOiJIUzI1NiIsInR5cCI6IkpXVCJ9.eyJpc3MiOiJzdXBhYmFzZSIsInJlZiI6Im9sbGJrbGtkbnpvbmJ4b3Bmd3FrIiwicm9sZSI6InNlcnZpY2Vfcm9sZSIsImlhdCI6MTc0MzI5MjYzMCwiZXhwIjoyMDU4ODY4NjMwfQ.U6bDiuPz1uDcFe_ELHrEgv8a12eKYpLXAucR6DrV7Fs","SUPABASE_TABLE_NAME_PROD":"users_ffprod","MY_LINE_USER_ID":"Ubabd65c8e4933322c46374c435c82a7b","TARGET_MENU_NAME":"タブＡ(左側メニュー)2025秋","FIREBASE_CONFIG":"{\"projectId\":\"inuichiba-ffprod\",\"storageBucket\":\"inuichiba-ffprod.firebasestorage.app\"}","GCLOUD_PROJECT":"inuichiba-ffprod","EVENTARC_CLOUD_EVENT_SOURCE":"projects/inuichiba-ffprod/locations/asia-northeast1/services/webhook","FUNCTION_TARGET":"webhook","LOG_EXECUTION_ID":"true"},"ingressSettings":"ALLOW_ALL","serviceAccountEmail":"757611015224-compute@developer.gserviceaccount.com","availableMemory":"256Mi","secretEnvironmentVariables":[{"key":"NODE_ENV","projectId":"inuichiba-ffprod","secret":"NODE_ENV","version":"2"}],"maxInstanceRequestConcurrency":80,"availableCpu":"1"},"labels":{"deployment-tool":"cli-firebase","firebase-functions-hash":"d80304f55d6ed59f87a10d6cdfc4215986442250"},"environment":"GEN_2"},"stages":[{"name":"BUILD","message":"Build in progress","state":"IN_PROGRESS","resource":"projects/757611015224/locations/asia-northeast1/builds/fcb915d5-0968-40cf-88c2-745e83231f07","resourceUri":"https://console.cloud.google.com/cloud-build/builds;region=asia-northeast1/fcb915d5-0968-40cf-88c2-745e83231f07?project=757611015224"},{"name":"SERVICE","state":"NOT_STARTED"}],"operationType":"CREATE_FUNCTION","buildName":"projects/757611015224/locations/asia-northeast1/builds/fcb915d5-0968-40cf-88c2-745e83231f07"},"done":false}
[debug] [2025-04-11T22:20:46.740Z] [create-default-asia-northeast1-webhook] Retrying task index 0
[debug] [2025-04-11T22:20:46.740Z] Checked if tokens are valid: true, expires at: 1744413549193
[debug] [2025-04-11T22:20:46.740Z] Checked if tokens are valid: true, expires at: 1744413549193
[debug] [2025-04-11T22:20:46.741Z] >>> [apiv2][query] GET https://cloudfunctions.googleapis.com/v2/projects/inuichiba-ffprod/locations/asia-northeast1/operations/operation-1744410005528-632881ab8e184-fe147854-34a970f3 [none]
[debug] [2025-04-11T22:20:47.125Z] <<< [apiv2][status] GET https://cloudfunctions.googleapis.com/v2/projects/inuichiba-ffprod/locations/asia-northeast1/operations/operation-1744410005528-632881ab8e184-fe147854-34a970f3 200
[debug] [2025-04-11T22:20:47.125Z] <<< [apiv2][body] GET https://cloudfunctions.googleapis.com/v2/projects/inuichiba-ffprod/locations/asia-northeast1/operations/operation-1744410005528-632881ab8e184-fe147854-34a970f3 {"name":"projects/inuichiba-ffprod/locations/asia-northeast1/operations/operation-1744410005528-632881ab8e184-fe147854-34a970f3","metadata":{"@type":"type.googleapis.com/google.cloud.functions.v2.OperationMetadata","createTime":"2025-04-11T22:20:07.844209819Z","target":"projects/inuichiba-ffprod/locations/asia-northeast1/functions/webhook","verb":"create","cancelRequested":false,"apiVersion":"v2","requestResource":{"@type":"type.googleapis.com/google.cloud.functions.v2.Function","name":"projects/inuichiba-ffprod/locations/asia-northeast1/functions/webhook","buildConfig":{"runtime":"nodejs22","entryPoint":"webhook","source":{"storageSource":{"bucket":"gcf-v2-sources-757611015224-asia-northeast1","object":"webhook/function-source.zip","generation":"1744410007295188"}},"environmentVariables":{"GOOGLE_NODE_RUN_SCRIPTS":""},"serviceAccount":"projects/inuichiba-ffprod/serviceAccounts/757611015224-compute@developer.gserviceaccount.com","automaticUpdatePolicy":{}},"serviceConfig":{"service":"projects/inuichiba-ffprod/locations/asia-northeast1/services/webhook","timeoutSeconds":60,"environmentVariables":{"CHANNEL_ACCESS_TOKEN_PROD":"/0/AD5jmDpc4mgJ3/XCZ7nH28vnxRRhddsMnE9DJV6fo7Iod3vvBwSF7v9utHEInCzZcjkDLFGE3LYZB2Q/PZEjtJSOm0sn8a7Bcu/v6DHdbx/cHkjdv6oWRmcToLKPYZmh1gEcSjHr0A/rSTxhmbAdB04t89/1O/w1cDnyilFU=","CHANNEL_SECRET_PROD":"cf9472531e498e75d65cc0b396436dec","SUPABASE_URL":"https://ollbklkdnzonbxopfwqk.supabase.co","SUPABASE_SERVICE_ROLE_KEY_PROD":"eyJhbGciOiJIUzI1NiIsInR5cCI6IkpXVCJ9.eyJpc3MiOiJzdXBhYmFzZSIsInJlZiI6Im9sbGJrbGtkbnpvbmJ4b3Bmd3FrIiwicm9sZSI6InNlcnZpY2Vfcm9sZSIsImlhdCI6MTc0MzI5MjYzMCwiZXhwIjoyMDU4ODY4NjMwfQ.U6bDiuPz1uDcFe_ELHrEgv8a12eKYpLXAucR6DrV7Fs","SUPABASE_TABLE_NAME_PROD":"users_ffprod","MY_LINE_USER_ID":"Ubabd65c8e4933322c46374c435c82a7b","TARGET_MENU_NAME":"タブＡ(左側メニュー)2025秋","FIREBASE_CONFIG":"{\"projectId\":\"inuichiba-ffprod\",\"storageBucket\":\"inuichiba-ffprod.firebasestorage.app\"}","GCLOUD_PROJECT":"inuichiba-ffprod","EVENTARC_CLOUD_EVENT_SOURCE":"projects/inuichiba-ffprod/locations/asia-northeast1/services/webhook","FUNCTION_TARGET":"webhook","LOG_EXECUTION_ID":"true"},"ingressSettings":"ALLOW_ALL","serviceAccountEmail":"757611015224-compute@developer.gserviceaccount.com","availableMemory":"256Mi","secretEnvironmentVariables":[{"key":"NODE_ENV","projectId":"inuichiba-ffprod","secret":"NODE_ENV","version":"2"}],"maxInstanceRequestConcurrency":80,"availableCpu":"1"},"labels":{"deployment-tool":"cli-firebase","firebase-functions-hash":"d80304f55d6ed59f87a10d6cdfc4215986442250"},"environment":"GEN_2"},"stages":[{"name":"BUILD","message":"Build in progress","state":"IN_PROGRESS","resource":"projects/757611015224/locations/asia-northeast1/builds/fcb915d5-0968-40cf-88c2-745e83231f07","resourceUri":"https://console.cloud.google.com/cloud-build/builds;region=asia-northeast1/fcb915d5-0968-40cf-88c2-745e83231f07?project=757611015224"},{"name":"SERVICE","state":"NOT_STARTED"}],"operationType":"CREATE_FUNCTION","buildName":"projects/757611015224/locations/asia-northeast1/builds/fcb915d5-0968-40cf-88c2-745e83231f07"},"done":false}
[debug] [2025-04-11T22:20:57.130Z] [create-default-asia-northeast1-webhook] Retrying task index 0
[debug] [2025-04-11T22:20:57.131Z] Checked if tokens are valid: true, expires at: 1744413549193
[debug] [2025-04-11T22:20:57.131Z] Checked if tokens are valid: true, expires at: 1744413549193
[debug] [2025-04-11T22:20:57.131Z] >>> [apiv2][query] GET https://cloudfunctions.googleapis.com/v2/projects/inuichiba-ffprod/locations/asia-northeast1/operations/operation-1744410005528-632881ab8e184-fe147854-34a970f3 [none]
[debug] [2025-04-11T22:20:57.515Z] <<< [apiv2][status] GET https://cloudfunctions.googleapis.com/v2/projects/inuichiba-ffprod/locations/asia-northeast1/operations/operation-1744410005528-632881ab8e184-fe147854-34a970f3 200
[debug] [2025-04-11T22:20:57.515Z] <<< [apiv2][body] GET https://cloudfunctions.googleapis.com/v2/projects/inuichiba-ffprod/locations/asia-northeast1/operations/operation-1744410005528-632881ab8e184-fe147854-34a970f3 {"name":"projects/inuichiba-ffprod/locations/asia-northeast1/operations/operation-1744410005528-632881ab8e184-fe147854-34a970f3","metadata":{"@type":"type.googleapis.com/google.cloud.functions.v2.OperationMetadata","createTime":"2025-04-11T22:20:07.844209819Z","target":"projects/inuichiba-ffprod/locations/asia-northeast1/functions/webhook","verb":"create","cancelRequested":false,"apiVersion":"v2","requestResource":{"@type":"type.googleapis.com/google.cloud.functions.v2.Function","name":"projects/inuichiba-ffprod/locations/asia-northeast1/functions/webhook","buildConfig":{"runtime":"nodejs22","entryPoint":"webhook","source":{"storageSource":{"bucket":"gcf-v2-sources-757611015224-asia-northeast1","object":"webhook/function-source.zip","generation":"1744410007295188"}},"environmentVariables":{"GOOGLE_NODE_RUN_SCRIPTS":""},"serviceAccount":"projects/inuichiba-ffprod/serviceAccounts/757611015224-compute@developer.gserviceaccount.com","automaticUpdatePolicy":{}},"serviceConfig":{"service":"projects/inuichiba-ffprod/locations/asia-northeast1/services/webhook","timeoutSeconds":60,"environmentVariables":{"CHANNEL_ACCESS_TOKEN_PROD":"/0/AD5jmDpc4mgJ3/XCZ7nH28vnxRRhddsMnE9DJV6fo7Iod3vvBwSF7v9utHEInCzZcjkDLFGE3LYZB2Q/PZEjtJSOm0sn8a7Bcu/v6DHdbx/cHkjdv6oWRmcToLKPYZmh1gEcSjHr0A/rSTxhmbAdB04t89/1O/w1cDnyilFU=","CHANNEL_SECRET_PROD":"cf9472531e498e75d65cc0b396436dec","SUPABASE_URL":"https://ollbklkdnzonbxopfwqk.supabase.co","SUPABASE_SERVICE_ROLE_KEY_PROD":"eyJhbGciOiJIUzI1NiIsInR5cCI6IkpXVCJ9.eyJpc3MiOiJzdXBhYmFzZSIsInJlZiI6Im9sbGJrbGtkbnpvbmJ4b3Bmd3FrIiwicm9sZSI6InNlcnZpY2Vfcm9sZSIsImlhdCI6MTc0MzI5MjYzMCwiZXhwIjoyMDU4ODY4NjMwfQ.U6bDiuPz1uDcFe_ELHrEgv8a12eKYpLXAucR6DrV7Fs","SUPABASE_TABLE_NAME_PROD":"users_ffprod","MY_LINE_USER_ID":"Ubabd65c8e4933322c46374c435c82a7b","TARGET_MENU_NAME":"タブＡ(左側メニュー)2025秋","FIREBASE_CONFIG":"{\"projectId\":\"inuichiba-ffprod\",\"storageBucket\":\"inuichiba-ffprod.firebasestorage.app\"}","GCLOUD_PROJECT":"inuichiba-ffprod","EVENTARC_CLOUD_EVENT_SOURCE":"projects/inuichiba-ffprod/locations/asia-northeast1/services/webhook","FUNCTION_TARGET":"webhook","LOG_EXECUTION_ID":"true"},"ingressSettings":"ALLOW_ALL","serviceAccountEmail":"757611015224-compute@developer.gserviceaccount.com","availableMemory":"256Mi","secretEnvironmentVariables":[{"key":"NODE_ENV","projectId":"inuichiba-ffprod","secret":"NODE_ENV","version":"2"}],"maxInstanceRequestConcurrency":80,"availableCpu":"1"},"labels":{"deployment-tool":"cli-firebase","firebase-functions-hash":"d80304f55d6ed59f87a10d6cdfc4215986442250"},"environment":"GEN_2"},"stages":[{"name":"BUILD","message":"Build in progress","state":"IN_PROGRESS","resource":"projects/757611015224/locations/asia-northeast1/builds/fcb915d5-0968-40cf-88c2-745e83231f07","resourceUri":"https://console.cloud.google.com/cloud-build/builds;region=asia-northeast1/fcb915d5-0968-40cf-88c2-745e83231f07?project=757611015224"},{"name":"SERVICE","state":"NOT_STARTED"}],"operationType":"CREATE_FUNCTION","buildName":"projects/757611015224/locations/asia-northeast1/builds/fcb915d5-0968-40cf-88c2-745e83231f07"},"done":false}
[debug] [2025-04-11T22:21:07.523Z] [create-default-asia-northeast1-webhook] Retrying task index 0
[debug] [2025-04-11T22:21:07.524Z] Checked if tokens are valid: true, expires at: 1744413549193
[debug] [2025-04-11T22:21:07.524Z] Checked if tokens are valid: true, expires at: 1744413549193
[debug] [2025-04-11T22:21:07.524Z] >>> [apiv2][query] GET https://cloudfunctions.googleapis.com/v2/projects/inuichiba-ffprod/locations/asia-northeast1/operations/operation-1744410005528-632881ab8e184-fe147854-34a970f3 [none]
[debug] [2025-04-11T22:21:07.903Z] <<< [apiv2][status] GET https://cloudfunctions.googleapis.com/v2/projects/inuichiba-ffprod/locations/asia-northeast1/operations/operation-1744410005528-632881ab8e184-fe147854-34a970f3 200
[debug] [2025-04-11T22:21:07.904Z] <<< [apiv2][body] GET https://cloudfunctions.googleapis.com/v2/projects/inuichiba-ffprod/locations/asia-northeast1/operations/operation-1744410005528-632881ab8e184-fe147854-34a970f3 {"name":"projects/inuichiba-ffprod/locations/asia-northeast1/operations/operation-1744410005528-632881ab8e184-fe147854-34a970f3","metadata":{"@type":"type.googleapis.com/google.cloud.functions.v2.OperationMetadata","createTime":"2025-04-11T22:20:07.844209819Z","endTime":"2025-04-11T22:21:05.633062192Z","target":"projects/inuichiba-ffprod/locations/asia-northeast1/functions/webhook","verb":"create","cancelRequested":false,"apiVersion":"v2","requestResource":{"@type":"type.googleapis.com/google.cloud.functions.v2.Function","name":"projects/inuichiba-ffprod/locations/asia-northeast1/functions/webhook","buildConfig":{"runtime":"nodejs22","entryPoint":"webhook","source":{"storageSource":{"bucket":"gcf-v2-sources-757611015224-asia-northeast1","object":"webhook/function-source.zip","generation":"1744410007295188"}},"environmentVariables":{"GOOGLE_NODE_RUN_SCRIPTS":""},"serviceAccount":"projects/inuichiba-ffprod/serviceAccounts/757611015224-compute@developer.gserviceaccount.com","automaticUpdatePolicy":{}},"serviceConfig":{"service":"projects/inuichiba-ffprod/locations/asia-northeast1/services/webhook","timeoutSeconds":60,"environmentVariables":{"CHANNEL_ACCESS_TOKEN_PROD":"/0/AD5jmDpc4mgJ3/XCZ7nH28vnxRRhddsMnE9DJV6fo7Iod3vvBwSF7v9utHEInCzZcjkDLFGE3LYZB2Q/PZEjtJSOm0sn8a7Bcu/v6DHdbx/cHkjdv6oWRmcToLKPYZmh1gEcSjHr0A/rSTxhmbAdB04t89/1O/w1cDnyilFU=","CHANNEL_SECRET_PROD":"cf9472531e498e75d65cc0b396436dec","SUPABASE_URL":"https://ollbklkdnzonbxopfwqk.supabase.co","SUPABASE_SERVICE_ROLE_KEY_PROD":"eyJhbGciOiJIUzI1NiIsInR5cCI6IkpXVCJ9.eyJpc3MiOiJzdXBhYmFzZSIsInJlZiI6Im9sbGJrbGtkbnpvbmJ4b3Bmd3FrIiwicm9sZSI6InNlcnZpY2Vfcm9sZSIsImlhdCI6MTc0MzI5MjYzMCwiZXhwIjoyMDU4ODY4NjMwfQ.U6bDiuPz1uDcFe_ELHrEgv8a12eKYpLXAucR6DrV7Fs","SUPABASE_TABLE_NAME_PROD":"users_ffprod","MY_LINE_USER_ID":"Ubabd65c8e4933322c46374c435c82a7b","TARGET_MENU_NAME":"タブＡ(左側メニュー)2025秋","FIREBASE_CONFIG":"{\"projectId\":\"inuichiba-ffprod\",\"storageBucket\":\"inuichiba-ffprod.firebasestorage.app\"}","GCLOUD_PROJECT":"inuichiba-ffprod","EVENTARC_CLOUD_EVENT_SOURCE":"projects/inuichiba-ffprod/locations/asia-northeast1/services/webhook","FUNCTION_TARGET":"webhook","LOG_EXECUTION_ID":"true"},"ingressSettings":"ALLOW_ALL","serviceAccountEmail":"757611015224-compute@developer.gserviceaccount.com","availableMemory":"256Mi","secretEnvironmentVariables":[{"key":"NODE_ENV","projectId":"inuichiba-ffprod","secret":"NODE_ENV","version":"2"}],"maxInstanceRequestConcurrency":80,"availableCpu":"1"},"labels":{"deployment-tool":"cli-firebase","firebase-functions-hash":"d80304f55d6ed59f87a10d6cdfc4215986442250"},"environment":"GEN_2"},"stages":[{"name":"ARTIFACT_REGISTRY","message":"Deleting function artifacts in Artifact Registry","state":"COMPLETE"},{"name":"SERVICE","message":"Deleting Cloud Run service","state":"COMPLETE","resource":"projects/inuichiba-ffprod/locations/asia-northeast1/services/webhook"}],"operationType":"CREATE_FUNCTION"},"done":true,"error":{"code":3,"message":"Build failed with status: FAILURE and message: npm error code EUSAGE\nnpm error\nnpm error `npm ci` can only install packages when your package.json and package-lock.json or npm-shrinkwrap.json are in sync. Please update your lock file with `npm install` before continuing.\nnpm error\nnpm error Missing: jest@29.7.0 from lock file\nnpm error Missing: @jest/core@29.7.0 from lock file\nnpm error Missing: @jest/types@29.6.3 from lock file\nnpm error Missing: import-local@3.2.0 from lock file\nnpm error Missing: jest-cli@29.7.0 from lock file\nnpm error Missing: @jest/console@29.7.0 from lock file\nnpm error Missing: @jest/reporters@29.7.0 from lock file\nnpm error Missing: @jest/test-result@29.7.0 from lock file\nnpm error Missing: @jest/transform@29.7.0 from lock file\nnpm error Missing: ansi-escapes@4.3.2 from lock file\nnpm error Missing: ci-info@3.9.0 from lock file\nnpm error Missing: exit@0.1.2 from lock file\nnpm error Missing: graceful-fs@4.2.11 from lock file\nnpm error Missing: jest-changed-files@29.7.0 from lock file\nnpm error Missing: jest-config@29.7.0 from lock file\nnpm error Missing: jest-haste-map@29.7.0 from lock file\nnpm error Missing: jest-message-util@29.7.0 from lock file\nnpm error Missing: jest-regex-util@29.6.3 from lock file\nnpm error Missing: jest-resolve@29.7.0 from lock file\nnpm error Missing: jest-resolve-dependencies@29.7.0 from lock file\nnpm error Missing: jest-runner@29.7.0 from lock file\nnpm error Missing: jest-runtime@29.7.0 from lock file\nnpm error Missing: jest-snapshot@29.7.0 from lock file\nnpm error Missing: jest-util@29.7.0 from lock file\nnpm error Missing: jest-validate@29.7.0 from lock file\nnpm error Missing: jest-watcher@29.7.0 from lock file\nnpm error Missing: micromatch@4.0.8 from lock file\nnpm error Missing: pretty-format@29.7.0 from lock file\nnpm error Missing: slash@3.0.0 from lock file\nnpm error Missing: @bcoe/v8-coverage@0.2.3 from lock file\nnpm error Missing: @jridgewell/trace-mapping@0.3.25 from lock file\nnpm error Missing: collect-v8-coverage@1.0.2 from lock file\nnpm error Missing: istanbul-lib-coverage@3.2.2 from lock file\nnpm error Missing: istanbul-lib-instrument@6.0.3 from lock file\nnpm error Missing: istanbul-lib-report@3.0.1 from lock file\nnpm error Missing: istanbul-lib-source-maps@4.0.1 from lock file\nnpm error Missing: istanbul-reports@3.1.7 from lock file\nnpm error Missing: jest-worker@29.7.0 from lock file\nnpm error Missing: string-length@4.0.2 from lock file\nnpm error Missing: v8-to-istanbul@9.3.0 from lock file\nnpm error Missing: @types/istanbul-lib-coverage@2.0.6 from lock file\nnpm error Missing: @babel/core@7.26.10 from lock file\nnpm error Missing: babel-plugin-istanbul@6.1.1 from lock file\nnpm error Missing: convert-source-map@2.0.0 from lock file\nnpm error Missing: pirates@4.0.7 from lock file\nnpm error Missing: write-file-atomic@4.0.2 from lock file\nnpm error Missing: @ampproject/remapping@2.3.0 from lock file\nnpm error Missing: @babel/code-frame@7.26.2 from lock file\nnpm error Missing: @babel/generator@7.27.0 from lock file\nnpm error Missing: @babel/helper-compilation-targets@7.27.0 from lock file\nnpm error Missing: @babel/helper-module-transforms@7.26.0 from lock file\nnpm error Missing: @babel/helpers@7.27.0 from lock file\nnpm error Missing: @babel/parser@7.27.0 from lock file\nnpm error Missing: @babel/template@7.27.0 from lock file\nnpm error Missing: @babel/traverse@7.27.0 from lock file\nnpm error Missing: @babel/types@7.27.0 from lock file\nnpm error Missing: gensync@1.0.0-beta.2 from lock file\nnpm error Missing: json5@2.2.3 from lock file\nnpm error Missing: semver@6.3.1 from lock file\nnpm error Missing: @jridgewell/gen-mapping@0.3.8 from lock file\nnpm error Missing: @babel/helper-validator-identifier@7.25.9 from lock file\nnpm error Missing: js-tokens@4.0.0 from lock file\nnpm error Missing: picocolors@1.1.1 from lock file\nnpm error Missing: jsesc@3.1.0 from lock file\nnpm error Missing: @babel/compat-data@7.26.8 from lock file\nnpm error Missing: @babel/helper-validator-option@7.25.9 from lock file\nnpm error Missing: browserslist@4.24.4 from lock file\nnpm error Missing: lru-cache@5.1.1 from lock file\nnpm error Missing: semver@6.3.1 from lock file\nnpm error Missing: @babel/helper-module-imports@7.25.9 from lock file\nnpm error Missing: globals@11.12.0 from lock file\nnpm error Missing: @babel/helper-string-parser@7.25.9 from lock file\nnpm error Missing: @jest/schemas@29.6.3 from lock file\nnpm error Missing: @types/istanbul-reports@3.0.4 from lock file\nnpm error Missing: @types/yargs@17.0.33 from lock file\nnpm error Missing: @sinclair/typebox@0.27.8 from lock file\nnpm error Missing: @jridgewell/set-array@1.2.1 from lock file\nnpm error Missing: @jridgewell/sourcemap-codec@1.5.0 from lock file\nnpm error Missing: @jridgewell/resolve-uri@3.1.2 from lock file\nnpm error Missing: @types/istanbul-lib-report@3.0.3 from lock file\nnpm error Missing: @types/yargs-parser@21.0.3 from lock file\nnpm error Missing: type-fest@0.21.3 from lock file\nnpm error Missing: @babel/helper-plugin-utils@7.26.5 from lock file\nnpm error Missing: @istanbuljs/load-nyc-config@1.1.0 from lock file\nnpm error Missing: @istanbuljs/schema@0.1.3 from lock file\nnpm error Missing: istanbul-lib-instrument@5.2.1 from lock file\nnpm error Missing: test-exclude@6.0.0 from lock file\nnpm error Missing: camelcase@5.3.1 from lock file\nnpm error Missing: find-up@4.1.0 from lock file\nnpm error Missing: get-package-type@0.1.0 from lock file\nnpm error Missing: js-yaml@3.14.1 from lock file\nnpm error Missing: resolve-from@5.0.0 from lock file\nnpm error Missing: caniuse-lite@1.0.30001713 from lock file\nnpm error Missing: electron-to-chromium@1.5.136 from lock file\nnpm error Missing: node-releases@2.0.19 from lock file\nnpm error Missing: update-browserslist-db@1.1.3 from lock file\nnpm error Missing: pkg-dir@4.2.0 from lock file\nnpm error Missing: resolve-cwd@3.0.0 from lock file\nnpm error Missing: make-dir@4.0.0 from lock file\nnpm error Missing: source-map@0.6.1 from lock file\nnpm error Missing: html-escaper@2.0.2 from lock file\nnpm error Missing: execa@5.1.1 from lock file\nnpm error Missing: get-stream@6.0.1 from lock file\nnpm error Missing: human-signals@2.1.0 from lock file\nnpm error Missing: merge-stream@2.0.0 from lock file\nnpm error Missing: npm-run-path@4.0.1 from lock file\nnpm error Missing: onetime@5.1.2 from lock file\nnpm error Missing: signal-exit@3.0.7 from lock file\nnpm error Missing: strip-final-newline@2.0.0 from lock file\nnpm error Missing: create-jest@29.7.0 from lock file\nnpm error Missing: prompts@2.4.2 from lock file\nnpm error Missing: @jest/test-sequencer@29.7.0 from lock file\nnpm error Missing: babel-jest@29.7.0 from lock file\nnpm error Missing: deepmerge@4.3.1 from lock file\nnpm error Missing: jest-circus@29.7.0 from lock file\nnpm error Missing: jest-environment-node@29.7.0 from lock file\nnpm error Missing: jest-get-type@29.6.3 from lock file\nnpm error Missing: parse-json@5.2.0 from lock file\nnpm error Missing: @types/babel__core@7.20.5 from lock file\nnpm error Missing: babel-preset-jest@29.6.3 from lock file\nnpm error Missing: @types/babel__generator@7.27.0 from lock file\nnpm error Missing: @types/babel__template@7.4.4 from lock file\nnpm error Missing: @types/babel__traverse@7.20.7 from lock file\nnpm error Missing: babel-plugin-jest-hoist@29.6.3 from lock file\nnpm error Missing: babel-preset-current-node-syntax@1.1.0 from lock file\nnpm error Missing: @babel/plugin-syntax-async-generators@7.8.4 from lock file\nnpm error Missing: @babel/plugin-syntax-bigint@7.8.3 from lock file\nnpm error Missing: @babel/plugin-syntax-class-properties@7.12.13 from lock file\nnpm error Missing: @babel/plugin-syntax-class-static-block@7.14.5 from lock file\nnpm error Missing: @babel/plugin-syntax-import-attributes@7.26.0 from lock file\nnpm error Missing: @babel/plugin-syntax-import-meta@7.10.4 from lock file\nnpm error Missing: @babel/plugin-syntax-json-strings@7.8.3 from lock file\nnpm error Missing: @babel/plugin-syntax-logical-assignment-operators@7.10.4 from lock file\nnpm error Missing: @babel/plugin-syntax-nullish-coalescing-operator@7.8.3 from lock file\nnpm error Missing: @babel/plugin-syntax-numeric-separator@7.10.4 from lock file\nnpm error Missing: @babel/plugin-syntax-object-rest-spread@7.8.3 from lock file\nnpm error Missing: @babel/plugin-syntax-optional-catch-binding@7.8.3 from lock file\nnpm error Missing: @babel/plugin-syntax-optional-chaining@7.8.3 from lock file\nnpm error Missing: @babel/plugin-syntax-private-property-in-object@7.14.5 from lock file\nnpm error Missing: @babel/plugin-syntax-top-level-await@7.14.5 from lock file\nnpm error Missing: @jest/environment@29.7.0 from lock file\nnpm error Missing: @jest/expect@29.7.0 from lock file\nnpm error Missing: co@4.6.0 from lock file\nnpm error Missing: dedent@1.5.3 from lock file\nnpm error Missing: is-generator-fn@2.1.0 from lock file\nnpm error Missing: jest-each@29.7.0 from lock file\nnpm error Missing: jest-matcher-utils@29.7.0 from lock file\nnpm error Missing: pure-rand@6.1.0 from lock file\nnpm error Missing: stack-utils@2.0.6 from lock file\nnpm error Missing: @jest/fake-timers@29.7.0 from lock file\nnpm error Missing: jest-mock@29.7.0 from lock file\nnpm error Missing: expect@29.7.0 from lock file\nnpm error Missing: @sinonjs/fake-timers@10.3.0 from lock file\nnpm error Missing: @sinonjs/commons@3.0.1 from lock file\nnpm error Missing: type-detect@4.0.8 from lock file\nnpm error Missing: @jest/expect-utils@29.7.0 from lock file\nnpm error Missing: @types/graceful-fs@4.1.9 from lock file\nnpm error Missing: anymatch@3.1.3 from lock file\nnpm error Missing: fb-watchman@2.0.2 from lock file\nnpm error Missing: fsevents@2.3.3 from lock file\nnpm error Missing: walker@1.0.8 from lock file\nnpm error Missing: normalize-path@3.0.0 from lock file\nnpm error Missing: picomatch@2.3.1 from lock file\nnpm error Missing: bser@2.1.1 from lock file\nnpm error Missing: node-int64@0.4.0 from lock file\nnpm error Missing: jest-diff@29.7.0 from lock file\nnpm error Missing: diff-sequences@29.6.3 from lock file\nnpm error Missing: @types/stack-utils@2.0.3 from lock file\nnpm error Missing: jest-pnp-resolver@1.2.3 from lock file\nnpm error Missing: resolve@1.22.10 from lock file\nnpm error Missing: resolve.exports@2.0.3 from lock file\nnpm error Missing: emittery@0.13.1 from lock file\nnpm error Missing: jest-docblock@29.7.0 from lock file\nnpm error Missing: jest-leak-detector@29.7.0 from lock file\nnpm error Missing: source-map-support@0.5.13 from lock file\nnpm error Missing: detect-newline@3.1.0 from lock file\nnpm error Missing: @jest/globals@29.7.0 from lock file\nnpm error Missing: @jest/source-map@29.6.3 from lock file\nnpm error Missing: cjs-module-lexer@1.4.3 from lock file\nnpm error Missing: strip-bom@4.0.0 from lock file\nnpm error Missing: @babel/plugin-syntax-jsx@7.25.9 from lock file\nnpm error Missing: @babel/plugin-syntax-typescript@7.25.9 from lock file\nnpm error Missing: camelcase@6.3.0 from lock file\nnpm error Missing: leven@3.1.0 from lock file\nnpm error Missing: supports-color@8.1.1 from lock file\nnpm error Missing: braces@3.0.3 from lock file\nnpm error Missing: fill-range@7.1.1 from lock file\nnpm error Missing: to-regex-range@5.0.1 from lock file\nnpm error Missing: mimic-fn@2.1.0 from lock file\nnpm error Missing: error-ex@1.3.2 from lock file\nnpm error Missing: json-parse-even-better-errors@2.3.1 from lock file\nnpm error Missing: lines-and-columns@1.2.4 from lock file\nnpm error Missing: is-arrayish@0.2.1 from lock file\nnpm error Missing: find-up@4.1.0 from lock file\nnpm error Missing: ansi-styles@5.2.0 from lock file\nnpm error Missing: react-is@18.3.1 from lock file\nnpm error Missing: kleur@3.0.3 from lock file\nnpm error Missing: sisteransi@1.0.5 from lock file\nnpm error Missing: is-core-module@2.16.1 from lock file\nnpm error Missing: path-parse@1.0.7 from lock file\nnpm error Missing: supports-preserve-symlinks-flag@1.0.0 from lock file\nnpm error Missing: resolve-from@5.0.0 from lock file\nnpm error Missing: buffer-from@1.1.2 from lock file\nnpm error Missing: escape-string-regexp@2.0.0 from lock file\nnpm error Missing: char-regex@1.0.2 from lock file\nnpm error Missing: is-number@7.0.0 from lock file\nnpm error Missing: makeerror@1.0.12 from lock file\nnpm error Missing: tmpl@1.0.5 from lock file\nnpm error Missing: yallist@3.1.1 from lock file\nnpm error Missing: locate-path@5.0.0 from lock file\nnpm error Missing: argparse@1.0.10 from lock file\nnpm error Missing: esprima@4.0.1 from lock file\nnpm error Missing: sprintf-js@1.0.3 from lock file\nnpm error Missing: p-locate@4.1.0 from lock file\nnpm error Missing: p-limit@2.3.0 from lock file\nnpm error Missing: p-try@2.2.0 from lock file\nnpm error Missing: semver@6.3.1 from lock file\nnpm error Missing: locate-path@5.0.0 from lock file\nnpm error Missing: p-locate@4.1.0 from lock file\nnpm error Missing: p-limit@2.3.0 from lock file\nnpm error\nnpm error Clean install a project\nnpm error\nnpm error Usage:\nnpm error npm ci\nnpm error\nnpm error Options:\nnpm error [--install-strategy <hoisted|nested|shallow|linked>] [--legacy-bundling]\nnpm error [--global-style] [--omit <dev|optional|peer> [--omit <dev|optional|peer> ...]]\nnpm error [--include <prod|dev|optional|peer> [--include <prod|dev|optional|peer> ...]]\nnpm error [--strict-peer-deps] [--foreground-scripts] [--ignore-scripts] [--no-audit]\nnpm error [--no-bin-links] [--no-fund] [--dry-run]\nnpm error [-w|--workspace <workspace-name> [-w|--workspace <workspace-name> ...]]\nnpm error [-ws|--workspaces] [--include-workspace-root] [--install-links]\nnpm error\nnpm error aliases: clean-install, ic, install-clean, isntall-clean\nnpm error\nnpm error Run \"npm help ci\" for more info\nnpm error A complete log of this run can be found in: /www-data-home/.npm/_logs/2025-04-11T22_20_38_490Z-debug-0.log. For more details see the logs at https://console.cloud.google.com/cloud-build/builds;region=asia-northeast1/fcb915d5-0968-40cf-88c2-745e83231f07?project=757611015224."}}
[debug] [2025-04-11T22:21:07.905Z] Got source token undefined for region asia-northeast1
[debug] [2025-04-11T22:21:07.906Z] Checked if tokens are valid: true, expires at: 1744413549193
[debug] [2025-04-11T22:21:07.906Z] Checked if tokens are valid: true, expires at: 1744413549193
[debug] [2025-04-11T22:21:07.906Z] >>> [apiv2][query] POST https://cloudfunctions.googleapis.com/v2/projects/inuichiba-ffprod/locations/asia-northeast1/functions functionId=api
[debug] [2025-04-11T22:21:07.907Z] >>> [apiv2][body] POST https://cloudfunctions.googleapis.com/v2/projects/inuichiba-ffprod/locations/asia-northeast1/functions {"name":"projects/inuichiba-ffprod/locations/asia-northeast1/functions/api","buildConfig":{"runtime":"nodejs22","entryPoint":"api","source":{"storageSource":{"bucket":"gcf-v2-uploads-757611015224.asia-northeast1.cloudfunctions.appspot.com","object":"db3192f0-17ab-4743-9957-48827b3f6872.zip"}},"environmentVariables":{"GOOGLE_NODE_RUN_SCRIPTS":""}},"serviceConfig":{"environmentVariables":{"CHANNEL_ACCESS_TOKEN_PROD":"/0/AD5jmDpc4mgJ3/XCZ7nH28vnxRRhddsMnE9DJV6fo7Iod3vvBwSF7v9utHEInCzZcjkDLFGE3LYZB2Q/PZEjtJSOm0sn8a7Bcu/v6DHdbx/cHkjdv6oWRmcToLKPYZmh1gEcSjHr0A/rSTxhmbAdB04t89/1O/w1cDnyilFU=","CHANNEL_SECRET_PROD":"cf9472531e498e75d65cc0b396436dec","SUPABASE_URL":"https://ollbklkdnzonbxopfwqk.supabase.co","SUPABASE_SERVICE_ROLE_KEY_PROD":"eyJhbGciOiJIUzI1NiIsInR5cCI6IkpXVCJ9.eyJpc3MiOiJzdXBhYmFzZSIsInJlZiI6Im9sbGJrbGtkbnpvbmJ4b3Bmd3FrIiwicm9sZSI6InNlcnZpY2Vfcm9sZSIsImlhdCI6MTc0MzI5MjYzMCwiZXhwIjoyMDU4ODY4NjMwfQ.U6bDiuPz1uDcFe_ELHrEgv8a12eKYpLXAucR6DrV7Fs","SUPABASE_TABLE_NAME_PROD":"users_ffprod","MY_LINE_USER_ID":"Ubabd65c8e4933322c46374c435c82a7b","TARGET_MENU_NAME":"タブＡ(左側メニュー)2025秋","FIREBASE_CONFIG":"{\"projectId\":\"inuichiba-ffprod\",\"storageBucket\":\"inuichiba-ffprod.firebasestorage.app\"}","GCLOUD_PROJECT":"inuichiba-ffprod","EVENTARC_CLOUD_EVENT_SOURCE":"projects/inuichiba-ffprod/locations/asia-northeast1/services/api","FUNCTION_TARGET":"api","LOG_EXECUTION_ID":"true"},"secretEnvironmentVariables":[{"key":"NODE_ENV","secret":"NODE_ENV","projectId":"inuichiba-ffprod","version":"2"}],"ingressSettings":null,"timeoutSeconds":null,"serviceAccountEmail":null,"availableMemory":"256Mi","minInstanceCount":null,"maxInstanceCount":null,"maxInstanceRequestConcurrency":80,"availableCpu":"1","vpcConnector":null,"vpcConnectorEgressSettings":null},"labels":{"deployment-tool":"cli-firebase","firebase-functions-hash":"d80304f55d6ed59f87a10d6cdfc4215986442250"}}
[error] Build failed with status: FAILURE and message: npm error code EUSAGE
npm error
npm error `npm ci` can only install packages when your package.json and package-lock.json or npm-shrinkwrap.json are in sync. Please update your lock file with `npm install` before continuing.
npm error
npm error Missing: jest@29.7.0 from lock file
npm error Missing: @jest/core@29.7.0 from lock file
npm error Missing: @jest/types@29.6.3 from lock file
npm error Missing: import-local@3.2.0 from lock file
npm error Missing: jest-cli@29.7.0 from lock file
npm error Missing: @jest/console@29.7.0 from lock file
npm error Missing: @jest/reporters@29.7.0 from lock file
npm error Missing: @jest/test-result@29.7.0 from lock file
npm error Missing: @jest/transform@29.7.0 from lock file
npm error Missing: ansi-escapes@4.3.2 from lock file
npm error Missing: ci-info@3.9.0 from lock file
npm error Missing: exit@0.1.2 from lock file
npm error Missing: graceful-fs@4.2.11 from lock file
npm error Missing: jest-changed-files@29.7.0 from lock file
npm error Missing: jest-config@29.7.0 from lock file
npm error Missing: jest-haste-map@29.7.0 from lock file
npm error Missing: jest-message-util@29.7.0 from lock file
npm error Missing: jest-regex-util@29.6.3 from lock file
npm error Missing: jest-resolve@29.7.0 from lock file
npm error Missing: jest-resolve-dependencies@29.7.0 from lock file
npm error Missing: jest-runner@29.7.0 from lock file
npm error Missing: jest-runtime@29.7.0 from lock file
npm error Missing: jest-snapshot@29.7.0 from lock file
npm error Missing: jest-util@29.7.0 from lock file
npm error Missing: jest-validate@29.7.0 from lock file
npm error Missing: jest-watcher@29.7.0 from lock file
npm error Missing: micromatch@4.0.8 from lock file
npm error Missing: pretty-format@29.7.0 from lock file
npm error Missing: slash@3.0.0 from lock file
npm error Missing: @bcoe/v8-coverage@0.2.3 from lock file
npm error Missing: @jridgewell/trace-mapping@0.3.25 from lock file
npm error Missing: collect-v8-coverage@1.0.2 from lock file
npm error Missing: istanbul-lib-coverage@3.2.2 from lock file
npm error Missing: istanbul-lib-instrument@6.0.3 from lock file
npm error Missing: istanbul-lib-report@3.0.1 from lock file
npm error Missing: istanbul-lib-source-maps@4.0.1 from lock file
npm error Missing: istanbul-reports@3.1.7 from lock file
npm error Missing: jest-worker@29.7.0 from lock file
npm error Missing: string-length@4.0.2 from lock file
npm error Missing: v8-to-istanbul@9.3.0 from lock file
npm error Missing: @types/istanbul-lib-coverage@2.0.6 from lock file
npm error Missing: @babel/core@7.26.10 from lock file
npm error Missing: babel-plugin-istanbul@6.1.1 from lock file
npm error Missing: convert-source-map@2.0.0 from lock file
npm error Missing: pirates@4.0.7 from lock file
npm error Missing: write-file-atomic@4.0.2 from lock file
npm error Missing: @ampproject/remapping@2.3.0 from lock file
npm error Missing: @babel/code-frame@7.26.2 from lock file
npm error Missing: @babel/generator@7.27.0 from lock file
npm error Missing: @babel/helper-compilation-targets@7.27.0 from lock file
npm error Missing: @babel/helper-module-transforms@7.26.0 from lock file
npm error Missing: @babel/helpers@7.27.0 from lock file
npm error Missing: @babel/parser@7.27.0 from lock file
npm error Missing: @babel/template@7.27.0 from lock file
npm error Missing: @babel/traverse@7.27.0 from lock file
npm error Missing: @babel/types@7.27.0 from lock file
npm error Missing: gensync@1.0.0-beta.2 from lock file
npm error Missing: json5@2.2.3 from lock file
npm error Missing: semver@6.3.1 from lock file
npm error Missing: @jridgewell/gen-mapping@0.3.8 from lock file
npm error Missing: @babel/helper-validator-identifier@7.25.9 from lock file
npm error Missing: js-tokens@4.0.0 from lock file
npm error Missing: picocolors@1.1.1 from lock file
npm error Missing: jsesc@3.1.0 from lock file
npm error Missing: @babel/compat-data@7.26.8 from lock file
npm error Missing: @babel/helper-validator-option@7.25.9 from lock file
npm error Missing: browserslist@4.24.4 from lock file
npm error Missing: lru-cache@5.1.1 from lock file
npm error Missing: semver@6.3.1 from lock file
npm error Missing: @babel/helper-module-imports@7.25.9 from lock file
npm error Missing: globals@11.12.0 from lock file
npm error Missing: @babel/helper-string-parser@7.25.9 from lock file
npm error Missing: @jest/schemas@29.6.3 from lock file
npm error Missing: @types/istanbul-reports@3.0.4 from lock file
npm error Missing: @types/yargs@17.0.33 from lock file
npm error Missing: @sinclair/typebox@0.27.8 from lock file
npm error Missing: @jridgewell/set-array@1.2.1 from lock file
npm error Missing: @jridgewell/sourcemap-codec@1.5.0 from lock file
npm error Missing: @jridgewell/resolve-uri@3.1.2 from lock file
npm error Missing: @types/istanbul-lib-report@3.0.3 from lock file
npm error Missing: @types/yargs-parser@21.0.3 from lock file
npm error Missing: type-fest@0.21.3 from lock file
npm error Missing: @babel/helper-plugin-utils@7.26.5 from lock file
npm error Missing: @istanbuljs/load-nyc-config@1.1.0 from lock file
npm error Missing: @istanbuljs/schema@0.1.3 from lock file
npm error Missing: istanbul-lib-instrument@5.2.1 from lock file
npm error Missing: test-exclude@6.0.0 from lock file
npm error Missing: camelcase@5.3.1 from lock file
npm error Missing: find-up@4.1.0 from lock file
npm error Missing: get-package-type@0.1.0 from lock file
npm error Missing: js-yaml@3.14.1 from lock file
npm error Missing: resolve-from@5.0.0 from lock file
npm error Missing: caniuse-lite@1.0.30001713 from lock file
npm error Missing: electron-to-chromium@1.5.136 from lock file
npm error Missing: node-releases@2.0.19 from lock file
npm error Missing: update-browserslist-db@1.1.3 from lock file
npm error Missing: pkg-dir@4.2.0 from lock file
npm error Missing: resolve-cwd@3.0.0 from lock file
npm error Missing: make-dir@4.0.0 from lock file
npm error Missing: source-map@0.6.1 from lock file
npm error Missing: html-escaper@2.0.2 from lock file
npm error Missing: execa@5.1.1 from lock file
npm error Missing: get-stream@6.0.1 from lock file
npm error Missing: human-signals@2.1.0 from lock file
npm error Missing: merge-stream@2.0.0 from lock file
npm error Missing: npm-run-path@4.0.1 from lock file
npm error Missing: onetime@5.1.2 from lock file
npm error Missing: signal-exit@3.0.7 from lock file
npm error Missing: strip-final-newline@2.0.0 from lock file
npm error Missing: create-jest@29.7.0 from lock file
npm error Missing: prompts@2.4.2 from lock file
npm error Missing: @jest/test-sequencer@29.7.0 from lock file
npm error Missing: babel-jest@29.7.0 from lock file
npm error Missing: deepmerge@4.3.1 from lock file
npm error Missing: jest-circus@29.7.0 from lock file
npm error Missing: jest-environment-node@29.7.0 from lock file
npm error Missing: jest-get-type@29.6.3 from lock file
npm error Missing: parse-json@5.2.0 from lock file
npm error Missing: @types/babel__core@7.20.5 from lock file
npm error Missing: babel-preset-jest@29.6.3 from lock file
npm error Missing: @types/babel__generator@7.27.0 from lock file
npm error Missing: @types/babel__template@7.4.4 from lock file
npm error Missing: @types/babel__traverse@7.20.7 from lock file
npm error Missing: babel-plugin-jest-hoist@29.6.3 from lock file
npm error Missing: babel-preset-current-node-syntax@1.1.0 from lock file
npm error Missing: @babel/plugin-syntax-async-generators@7.8.4 from lock file
npm error Missing: @babel/plugin-syntax-bigint@7.8.3 from lock file
npm error Missing: @babel/plugin-syntax-class-properties@7.12.13 from lock file
npm error Missing: @babel/plugin-syntax-class-static-block@7.14.5 from lock file
npm error Missing: @babel/plugin-syntax-import-attributes@7.26.0 from lock file
npm error Missing: @babel/plugin-syntax-import-meta@7.10.4 from lock file
npm error Missing: @babel/plugin-syntax-json-strings@7.8.3 from lock file
npm error Missing: @babel/plugin-syntax-logical-assignment-operators@7.10.4 from lock file
npm error Missing: @babel/plugin-syntax-nullish-coalescing-operator@7.8.3 from lock file
npm error Missing: @babel/plugin-syntax-numeric-separator@7.10.4 from lock file
npm error Missing: @babel/plugin-syntax-object-rest-spread@7.8.3 from lock file
npm error Missing: @babel/plugin-syntax-optional-catch-binding@7.8.3 from lock file
npm error Missing: @babel/plugin-syntax-optional-chaining@7.8.3 from lock file
npm error Missing: @babel/plugin-syntax-private-property-in-object@7.14.5 from lock file
npm error Missing: @babel/plugin-syntax-top-level-await@7.14.5 from lock file
npm error Missing: @jest/environment@29.7.0 from lock file
npm error Missing: @jest/expect@29.7.0 from lock file
npm error Missing: co@4.6.0 from lock file
npm error Missing: dedent@1.5.3 from lock file
npm error Missing: is-generator-fn@2.1.0 from lock file
npm error Missing: jest-each@29.7.0 from lock file
npm error Missing: jest-matcher-utils@29.7.0 from lock file
npm error Missing: pure-rand@6.1.0 from lock file
npm error Missing: stack-utils@2.0.6 from lock file
npm error Missing: @jest/fake-timers@29.7.0 from lock file
npm error Missing: jest-mock@29.7.0 from lock file
npm error Missing: expect@29.7.0 from lock file
npm error Missing: @sinonjs/fake-timers@10.3.0 from lock file
npm error Missing: @sinonjs/commons@3.0.1 from lock file
npm error Missing: type-detect@4.0.8 from lock file
npm error Missing: @jest/expect-utils@29.7.0 from lock file
npm error Missing: @types/graceful-fs@4.1.9 from lock file
npm error Missing: anymatch@3.1.3 from lock file
npm error Missing: fb-watchman@2.0.2 from lock file
npm error Missing: fsevents@2.3.3 from lock file
npm error Missing: walker@1.0.8 from lock file
npm error Missing: normalize-path@3.0.0 from lock file
npm error Missing: picomatch@2.3.1 from lock file
npm error Missing: bser@2.1.1 from lock file
npm error Missing: node-int64@0.4.0 from lock file
npm error Missing: jest-diff@29.7.0 from lock file
npm error Missing: diff-sequences@29.6.3 from lock file
npm error Missing: @types/stack-utils@2.0.3 from lock file
npm error Missing: jest-pnp-resolver@1.2.3 from lock file
npm error Missing: resolve@1.22.10 from lock file
npm error Missing: resolve.exports@2.0.3 from lock file
npm error Missing: emittery@0.13.1 from lock file
npm error Missing: jest-docblock@29.7.0 from lock file
npm error Missing: jest-leak-detector@29.7.0 from lock file
npm error Missing: source-map-support@0.5.13 from lock file
npm error Missing: detect-newline@3.1.0 from lock file
npm error Missing: @jest/globals@29.7.0 from lock file
npm error Missing: @jest/source-map@29.6.3 from lock file
npm error Missing: cjs-module-lexer@1.4.3 from lock file
npm error Missing: strip-bom@4.0.0 from lock file
npm error Missing: @babel/plugin-syntax-jsx@7.25.9 from lock file
npm error Missing: @babel/plugin-syntax-typescript@7.25.9 from lock file
npm error Missing: camelcase@6.3.0 from lock file
npm error Missing: leven@3.1.0 from lock file
npm error Missing: supports-color@8.1.1 from lock file
npm error Missing: braces@3.0.3 from lock file
npm error Missing: fill-range@7.1.1 from lock file
npm error Missing: to-regex-range@5.0.1 from lock file
npm error Missing: mimic-fn@2.1.0 from lock file
npm error Missing: error-ex@1.3.2 from lock file
npm error Missing: json-parse-even-better-errors@2.3.1 from lock file
npm error Missing: lines-and-columns@1.2.4 from lock file
npm error Missing: is-arrayish@0.2.1 from lock file
npm error Missing: find-up@4.1.0 from lock file
npm error Missing: ansi-styles@5.2.0 from lock file
npm error Missing: react-is@18.3.1 from lock file
npm error Missing: kleur@3.0.3 from lock file
npm error Missing: sisteransi@1.0.5 from lock file
npm error Missing: is-core-module@2.16.1 from lock file
npm error Missing: path-parse@1.0.7 from lock file
npm error Missing: supports-preserve-symlinks-flag@1.0.0 from lock file
npm error Missing: resolve-from@5.0.0 from lock file
npm error Missing: buffer-from@1.1.2 from lock file
npm error Missing: escape-string-regexp@2.0.0 from lock file
npm error Missing: char-regex@1.0.2 from lock file
npm error Missing: is-number@7.0.0 from lock file
npm error Missing: makeerror@1.0.12 from lock file
npm error Missing: tmpl@1.0.5 from lock file
npm error Missing: yallist@3.1.1 from lock file
npm error Missing: locate-path@5.0.0 from lock file
npm error Missing: argparse@1.0.10 from lock file
npm error Missing: esprima@4.0.1 from lock file
npm error Missing: sprintf-js@1.0.3 from lock file
npm error Missing: p-locate@4.1.0 from lock file
npm error Missing: p-limit@2.3.0 from lock file
npm error Missing: p-try@2.2.0 from lock file
npm error Missing: semver@6.3.1 from lock file
npm error Missing: locate-path@5.0.0 from lock file
npm error Missing: p-locate@4.1.0 from lock file
npm error Missing: p-limit@2.3.0 from lock file
npm error
npm error Clean install a project
npm error
npm error Usage:
npm error npm ci
npm error
npm error Options:
npm error [--install-strategy <hoisted|nested|shallow|linked>] [--legacy-bundling]
npm error [--global-style] [--omit <dev|optional|peer> [--omit <dev|optional|peer> ...]]
npm error [--include <prod|dev|optional|peer> [--include <prod|dev|optional|peer> ...]]
npm error [--strict-peer-deps] [--foreground-scripts] [--ignore-scripts] [--no-audit]
npm error [--no-bin-links] [--no-fund] [--dry-run]
npm error [-w|--workspace <workspace-name> [-w|--workspace <workspace-name> ...]]
npm error [-ws|--workspaces] [--include-workspace-root] [--install-links]
npm error
npm error aliases: clean-install, ic, install-clean, isntall-clean
npm error
npm error Run "npm help ci" for more info
npm error A complete log of this run can be found in: /www-data-home/.npm/_logs/2025-04-11T22_20_38_490Z-debug-0.log. For more details see the logs at https://console.cloud.google.com/cloud-build/builds;region=asia-northeast1/fcb915d5-0968-40cf-88c2-745e83231f07?project=757611015224.
[debug] [2025-04-11T22:21:09.040Z] <<< [apiv2][status] POST https://cloudfunctions.googleapis.com/v2/projects/inuichiba-ffprod/locations/asia-northeast1/functions 200
[debug] [2025-04-11T22:21:09.040Z] <<< [apiv2][body] POST https://cloudfunctions.googleapis.com/v2/projects/inuichiba-ffprod/locations/asia-northeast1/functions {"name":"projects/inuichiba-ffprod/locations/asia-northeast1/operations/operation-1744410067418-632881e693bf3-ff7ea7a4-2226ba2c","metadata":{"@type":"type.googleapis.com/google.cloud.functions.v2.OperationMetadata","createTime":"2025-04-11T22:21:08.163208968Z","target":"projects/inuichiba-ffprod/locations/asia-northeast1/functions/api","verb":"create","cancelRequested":false,"apiVersion":"v2"},"done":false}
[debug] [2025-04-11T22:21:09.041Z] Checked if tokens are valid: true, expires at: 1744413549193
[debug] [2025-04-11T22:21:09.041Z] Checked if tokens are valid: true, expires at: 1744413549193
[debug] [2025-04-11T22:21:09.041Z] >>> [apiv2][query] GET https://cloudfunctions.googleapis.com/v2/projects/inuichiba-ffprod/locations/asia-northeast1/operations/operation-1744410067418-632881e693bf3-ff7ea7a4-2226ba2c [none]
[debug] [2025-04-11T22:21:09.348Z] <<< [apiv2][status] GET https://cloudfunctions.googleapis.com/v2/projects/inuichiba-ffprod/locations/asia-northeast1/operations/operation-1744410067418-632881e693bf3-ff7ea7a4-2226ba2c 200
[debug] [2025-04-11T22:21:09.349Z] <<< [apiv2][body] GET https://cloudfunctions.googleapis.com/v2/projects/inuichiba-ffprod/locations/asia-northeast1/operations/operation-1744410067418-632881e693bf3-ff7ea7a4-2226ba2c {"name":"projects/inuichiba-ffprod/locations/asia-northeast1/operations/operation-1744410067418-632881e693bf3-ff7ea7a4-2226ba2c","metadata":{"@type":"type.googleapis.com/google.cloud.functions.v2.OperationMetadata","createTime":"2025-04-11T22:21:08.163208968Z","target":"projects/inuichiba-ffprod/locations/asia-northeast1/functions/api","verb":"create","cancelRequested":false,"apiVersion":"v2","requestResource":{"@type":"type.googleapis.com/google.cloud.functions.v2.Function","name":"projects/inuichiba-ffprod/locations/asia-northeast1/functions/api","buildConfig":{"runtime":"nodejs22","entryPoint":"api","source":{"storageSource":{"bucket":"gcf-v2-sources-757611015224-asia-northeast1","object":"api/function-source.zip","generation":"1744410067625182"}},"environmentVariables":{"GOOGLE_NODE_RUN_SCRIPTS":""},"serviceAccount":"projects/inuichiba-ffprod/serviceAccounts/757611015224-compute@developer.gserviceaccount.com","automaticUpdatePolicy":{}},"serviceConfig":{"service":"projects/inuichiba-ffprod/locations/asia-northeast1/services/api","timeoutSeconds":60,"environmentVariables":{"CHANNEL_ACCESS_TOKEN_PROD":"/0/AD5jmDpc4mgJ3/XCZ7nH28vnxRRhddsMnE9DJV6fo7Iod3vvBwSF7v9utHEInCzZcjkDLFGE3LYZB2Q/PZEjtJSOm0sn8a7Bcu/v6DHdbx/cHkjdv6oWRmcToLKPYZmh1gEcSjHr0A/rSTxhmbAdB04t89/1O/w1cDnyilFU=","CHANNEL_SECRET_PROD":"cf9472531e498e75d65cc0b396436dec","SUPABASE_URL":"https://ollbklkdnzonbxopfwqk.supabase.co","SUPABASE_SERVICE_ROLE_KEY_PROD":"eyJhbGciOiJIUzI1NiIsInR5cCI6IkpXVCJ9.eyJpc3MiOiJzdXBhYmFzZSIsInJlZiI6Im9sbGJrbGtkbnpvbmJ4b3Bmd3FrIiwicm9sZSI6InNlcnZpY2Vfcm9sZSIsImlhdCI6MTc0MzI5MjYzMCwiZXhwIjoyMDU4ODY4NjMwfQ.U6bDiuPz1uDcFe_ELHrEgv8a12eKYpLXAucR6DrV7Fs","SUPABASE_TABLE_NAME_PROD":"users_ffprod","MY_LINE_USER_ID":"Ubabd65c8e4933322c46374c435c82a7b","TARGET_MENU_NAME":"タブＡ(左側メニュー)2025秋","FIREBASE_CONFIG":"{\"projectId\":\"inuichiba-ffprod\",\"storageBucket\":\"inuichiba-ffprod.firebasestorage.app\"}","GCLOUD_PROJECT":"inuichiba-ffprod","EVENTARC_CLOUD_EVENT_SOURCE":"projects/inuichiba-ffprod/locations/asia-northeast1/services/api","FUNCTION_TARGET":"api","LOG_EXECUTION_ID":"true"},"ingressSettings":"ALLOW_ALL","serviceAccountEmail":"757611015224-compute@developer.gserviceaccount.com","availableMemory":"256Mi","secretEnvironmentVariables":[{"key":"NODE_ENV","projectId":"inuichiba-ffprod","secret":"NODE_ENV","version":"2"}],"maxInstanceRequestConcurrency":80,"availableCpu":"1"},"labels":{"deployment-tool":"cli-firebase","firebase-functions-hash":"d80304f55d6ed59f87a10d6cdfc4215986442250"},"environment":"GEN_2"},"stages":[{"name":"BUILD","state":"NOT_STARTED"},{"name":"SERVICE","state":"NOT_STARTED"}],"operationType":"CREATE_FUNCTION"},"done":false}
[debug] [2025-04-11T22:21:09.862Z] [create-default-asia-northeast1-api] Retrying task index 0
[debug] [2025-04-11T22:21:09.862Z] Checked if tokens are valid: true, expires at: 1744413549193
[debug] [2025-04-11T22:21:09.862Z] Checked if tokens are valid: true, expires at: 1744413549193
[debug] [2025-04-11T22:21:09.862Z] >>> [apiv2][query] GET https://cloudfunctions.googleapis.com/v2/projects/inuichiba-ffprod/locations/asia-northeast1/operations/operation-1744410067418-632881e693bf3-ff7ea7a4-2226ba2c [none]
[debug] [2025-04-11T22:21:10.188Z] <<< [apiv2][status] GET https://cloudfunctions.googleapis.com/v2/projects/inuichiba-ffprod/locations/asia-northeast1/operations/operation-1744410067418-632881e693bf3-ff7ea7a4-2226ba2c 200
[debug] [2025-04-11T22:21:10.188Z] <<< [apiv2][body] GET https://cloudfunctions.googleapis.com/v2/projects/inuichiba-ffprod/locations/asia-northeast1/operations/operation-1744410067418-632881e693bf3-ff7ea7a4-2226ba2c {"name":"projects/inuichiba-ffprod/locations/asia-northeast1/operations/operation-1744410067418-632881e693bf3-ff7ea7a4-2226ba2c","metadata":{"@type":"type.googleapis.com/google.cloud.functions.v2.OperationMetadata","createTime":"2025-04-11T22:21:08.163208968Z","target":"projects/inuichiba-ffprod/locations/asia-northeast1/functions/api","verb":"create","cancelRequested":false,"apiVersion":"v2","requestResource":{"@type":"type.googleapis.com/google.cloud.functions.v2.Function","name":"projects/inuichiba-ffprod/locations/asia-northeast1/functions/api","buildConfig":{"runtime":"nodejs22","entryPoint":"api","source":{"storageSource":{"bucket":"gcf-v2-sources-757611015224-asia-northeast1","object":"api/function-source.zip","generation":"1744410067625182"}},"environmentVariables":{"GOOGLE_NODE_RUN_SCRIPTS":""},"serviceAccount":"projects/inuichiba-ffprod/serviceAccounts/757611015224-compute@developer.gserviceaccount.com","automaticUpdatePolicy":{}},"serviceConfig":{"service":"projects/inuichiba-ffprod/locations/asia-northeast1/services/api","timeoutSeconds":60,"environmentVariables":{"CHANNEL_ACCESS_TOKEN_PROD":"/0/AD5jmDpc4mgJ3/XCZ7nH28vnxRRhddsMnE9DJV6fo7Iod3vvBwSF7v9utHEInCzZcjkDLFGE3LYZB2Q/PZEjtJSOm0sn8a7Bcu/v6DHdbx/cHkjdv6oWRmcToLKPYZmh1gEcSjHr0A/rSTxhmbAdB04t89/1O/w1cDnyilFU=","CHANNEL_SECRET_PROD":"cf9472531e498e75d65cc0b396436dec","SUPABASE_URL":"https://ollbklkdnzonbxopfwqk.supabase.co","SUPABASE_SERVICE_ROLE_KEY_PROD":"eyJhbGciOiJIUzI1NiIsInR5cCI6IkpXVCJ9.eyJpc3MiOiJzdXBhYmFzZSIsInJlZiI6Im9sbGJrbGtkbnpvbmJ4b3Bmd3FrIiwicm9sZSI6InNlcnZpY2Vfcm9sZSIsImlhdCI6MTc0MzI5MjYzMCwiZXhwIjoyMDU4ODY4NjMwfQ.U6bDiuPz1uDcFe_ELHrEgv8a12eKYpLXAucR6DrV7Fs","SUPABASE_TABLE_NAME_PROD":"users_ffprod","MY_LINE_USER_ID":"Ubabd65c8e4933322c46374c435c82a7b","TARGET_MENU_NAME":"タブＡ(左側メニュー)2025秋","FIREBASE_CONFIG":"{\"projectId\":\"inuichiba-ffprod\",\"storageBucket\":\"inuichiba-ffprod.firebasestorage.app\"}","GCLOUD_PROJECT":"inuichiba-ffprod","EVENTARC_CLOUD_EVENT_SOURCE":"projects/inuichiba-ffprod/locations/asia-northeast1/services/api","FUNCTION_TARGET":"api","LOG_EXECUTION_ID":"true"},"ingressSettings":"ALLOW_ALL","serviceAccountEmail":"757611015224-compute@developer.gserviceaccount.com","availableMemory":"256Mi","secretEnvironmentVariables":[{"key":"NODE_ENV","projectId":"inuichiba-ffprod","secret":"NODE_ENV","version":"2"}],"maxInstanceRequestConcurrency":80,"availableCpu":"1"},"labels":{"deployment-tool":"cli-firebase","firebase-functions-hash":"d80304f55d6ed59f87a10d6cdfc4215986442250"},"environment":"GEN_2"},"stages":[{"name":"BUILD","state":"NOT_STARTED"},{"name":"SERVICE","state":"NOT_STARTED"}],"operationType":"CREATE_FUNCTION"},"done":false}
[debug] [2025-04-11T22:21:11.200Z] [create-default-asia-northeast1-api] Retrying task index 0
[debug] [2025-04-11T22:21:11.200Z] Checked if tokens are valid: true, expires at: 1744413549193
[debug] [2025-04-11T22:21:11.200Z] Checked if tokens are valid: true, expires at: 1744413549193
[debug] [2025-04-11T22:21:11.200Z] >>> [apiv2][query] GET https://cloudfunctions.googleapis.com/v2/projects/inuichiba-ffprod/locations/asia-northeast1/operations/operation-1744410067418-632881e693bf3-ff7ea7a4-2226ba2c [none]
[debug] [2025-04-11T22:21:11.547Z] <<< [apiv2][status] GET https://cloudfunctions.googleapis.com/v2/projects/inuichiba-ffprod/locations/asia-northeast1/operations/operation-1744410067418-632881e693bf3-ff7ea7a4-2226ba2c 200
[debug] [2025-04-11T22:21:11.547Z] <<< [apiv2][body] GET https://cloudfunctions.googleapis.com/v2/projects/inuichiba-ffprod/locations/asia-northeast1/operations/operation-1744410067418-632881e693bf3-ff7ea7a4-2226ba2c {"name":"projects/inuichiba-ffprod/locations/asia-northeast1/operations/operation-1744410067418-632881e693bf3-ff7ea7a4-2226ba2c","metadata":{"@type":"type.googleapis.com/google.cloud.functions.v2.OperationMetadata","createTime":"2025-04-11T22:21:08.163208968Z","target":"projects/inuichiba-ffprod/locations/asia-northeast1/functions/api","verb":"create","cancelRequested":false,"apiVersion":"v2","requestResource":{"@type":"type.googleapis.com/google.cloud.functions.v2.Function","name":"projects/inuichiba-ffprod/locations/asia-northeast1/functions/api","buildConfig":{"runtime":"nodejs22","entryPoint":"api","source":{"storageSource":{"bucket":"gcf-v2-sources-757611015224-asia-northeast1","object":"api/function-source.zip","generation":"1744410067625182"}},"environmentVariables":{"GOOGLE_NODE_RUN_SCRIPTS":""},"serviceAccount":"projects/inuichiba-ffprod/serviceAccounts/757611015224-compute@developer.gserviceaccount.com","automaticUpdatePolicy":{}},"serviceConfig":{"service":"projects/inuichiba-ffprod/locations/asia-northeast1/services/api","timeoutSeconds":60,"environmentVariables":{"CHANNEL_ACCESS_TOKEN_PROD":"/0/AD5jmDpc4mgJ3/XCZ7nH28vnxRRhddsMnE9DJV6fo7Iod3vvBwSF7v9utHEInCzZcjkDLFGE3LYZB2Q/PZEjtJSOm0sn8a7Bcu/v6DHdbx/cHkjdv6oWRmcToLKPYZmh1gEcSjHr0A/rSTxhmbAdB04t89/1O/w1cDnyilFU=","CHANNEL_SECRET_PROD":"cf9472531e498e75d65cc0b396436dec","SUPABASE_URL":"https://ollbklkdnzonbxopfwqk.supabase.co","SUPABASE_SERVICE_ROLE_KEY_PROD":"eyJhbGciOiJIUzI1NiIsInR5cCI6IkpXVCJ9.eyJpc3MiOiJzdXBhYmFzZSIsInJlZiI6Im9sbGJrbGtkbnpvbmJ4b3Bmd3FrIiwicm9sZSI6InNlcnZpY2Vfcm9sZSIsImlhdCI6MTc0MzI5MjYzMCwiZXhwIjoyMDU4ODY4NjMwfQ.U6bDiuPz1uDcFe_ELHrEgv8a12eKYpLXAucR6DrV7Fs","SUPABASE_TABLE_NAME_PROD":"users_ffprod","MY_LINE_USER_ID":"Ubabd65c8e4933322c46374c435c82a7b","TARGET_MENU_NAME":"タブＡ(左側メニュー)2025秋","FIREBASE_CONFIG":"{\"projectId\":\"inuichiba-ffprod\",\"storageBucket\":\"inuichiba-ffprod.firebasestorage.app\"}","GCLOUD_PROJECT":"inuichiba-ffprod","EVENTARC_CLOUD_EVENT_SOURCE":"projects/inuichiba-ffprod/locations/asia-northeast1/services/api","FUNCTION_TARGET":"api","LOG_EXECUTION_ID":"true"},"ingressSettings":"ALLOW_ALL","serviceAccountEmail":"757611015224-compute@developer.gserviceaccount.com","availableMemory":"256Mi","secretEnvironmentVariables":[{"key":"NODE_ENV","projectId":"inuichiba-ffprod","secret":"NODE_ENV","version":"2"}],"maxInstanceRequestConcurrency":80,"availableCpu":"1"},"labels":{"deployment-tool":"cli-firebase","firebase-functions-hash":"d80304f55d6ed59f87a10d6cdfc4215986442250"},"environment":"GEN_2"},"stages":[{"name":"BUILD","message":"Build in progress","state":"IN_PROGRESS","resource":"projects/757611015224/locations/asia-northeast1/builds/c67222af-8cad-492c-83be-e802a6d0c201","resourceUri":"https://console.cloud.google.com/cloud-build/builds;region=asia-northeast1/c67222af-8cad-492c-83be-e802a6d0c201?project=757611015224"},{"name":"SERVICE","state":"NOT_STARTED"}],"operationType":"CREATE_FUNCTION","buildName":"projects/757611015224/locations/asia-northeast1/builds/c67222af-8cad-492c-83be-e802a6d0c201"},"done":false}
[debug] [2025-04-11T22:21:13.560Z] [create-default-asia-northeast1-api] Retrying task index 0
[debug] [2025-04-11T22:21:13.561Z] Checked if tokens are valid: true, expires at: 1744413549193
[debug] [2025-04-11T22:21:13.561Z] Checked if tokens are valid: true, expires at: 1744413549193
[debug] [2025-04-11T22:21:13.561Z] >>> [apiv2][query] GET https://cloudfunctions.googleapis.com/v2/projects/inuichiba-ffprod/locations/asia-northeast1/operations/operation-1744410067418-632881e693bf3-ff7ea7a4-2226ba2c [none]
[debug] [2025-04-11T22:21:13.867Z] <<< [apiv2][status] GET https://cloudfunctions.googleapis.com/v2/projects/inuichiba-ffprod/locations/asia-northeast1/operations/operation-1744410067418-632881e693bf3-ff7ea7a4-2226ba2c 200
[debug] [2025-04-11T22:21:13.867Z] <<< [apiv2][body] GET https://cloudfunctions.googleapis.com/v2/projects/inuichiba-ffprod/locations/asia-northeast1/operations/operation-1744410067418-632881e693bf3-ff7ea7a4-2226ba2c {"name":"projects/inuichiba-ffprod/locations/asia-northeast1/operations/operation-1744410067418-632881e693bf3-ff7ea7a4-2226ba2c","metadata":{"@type":"type.googleapis.com/google.cloud.functions.v2.OperationMetadata","createTime":"2025-04-11T22:21:08.163208968Z","target":"projects/inuichiba-ffprod/locations/asia-northeast1/functions/api","verb":"create","cancelRequested":false,"apiVersion":"v2","requestResource":{"@type":"type.googleapis.com/google.cloud.functions.v2.Function","name":"projects/inuichiba-ffprod/locations/asia-northeast1/functions/api","buildConfig":{"runtime":"nodejs22","entryPoint":"api","source":{"storageSource":{"bucket":"gcf-v2-sources-757611015224-asia-northeast1","object":"api/function-source.zip","generation":"1744410067625182"}},"environmentVariables":{"GOOGLE_NODE_RUN_SCRIPTS":""},"serviceAccount":"projects/inuichiba-ffprod/serviceAccounts/757611015224-compute@developer.gserviceaccount.com","automaticUpdatePolicy":{}},"serviceConfig":{"service":"projects/inuichiba-ffprod/locations/asia-northeast1/services/api","timeoutSeconds":60,"environmentVariables":{"CHANNEL_ACCESS_TOKEN_PROD":"/0/AD5jmDpc4mgJ3/XCZ7nH28vnxRRhddsMnE9DJV6fo7Iod3vvBwSF7v9utHEInCzZcjkDLFGE3LYZB2Q/PZEjtJSOm0sn8a7Bcu/v6DHdbx/cHkjdv6oWRmcToLKPYZmh1gEcSjHr0A/rSTxhmbAdB04t89/1O/w1cDnyilFU=","CHANNEL_SECRET_PROD":"cf9472531e498e75d65cc0b396436dec","SUPABASE_URL":"https://ollbklkdnzonbxopfwqk.supabase.co","SUPABASE_SERVICE_ROLE_KEY_PROD":"eyJhbGciOiJIUzI1NiIsInR5cCI6IkpXVCJ9.eyJpc3MiOiJzdXBhYmFzZSIsInJlZiI6Im9sbGJrbGtkbnpvbmJ4b3Bmd3FrIiwicm9sZSI6InNlcnZpY2Vfcm9sZSIsImlhdCI6MTc0MzI5MjYzMCwiZXhwIjoyMDU4ODY4NjMwfQ.U6bDiuPz1uDcFe_ELHrEgv8a12eKYpLXAucR6DrV7Fs","SUPABASE_TABLE_NAME_PROD":"users_ffprod","MY_LINE_USER_ID":"Ubabd65c8e4933322c46374c435c82a7b","TARGET_MENU_NAME":"タブＡ(左側メニュー)2025秋","FIREBASE_CONFIG":"{\"projectId\":\"inuichiba-ffprod\",\"storageBucket\":\"inuichiba-ffprod.firebasestorage.app\"}","GCLOUD_PROJECT":"inuichiba-ffprod","EVENTARC_CLOUD_EVENT_SOURCE":"projects/inuichiba-ffprod/locations/asia-northeast1/services/api","FUNCTION_TARGET":"api","LOG_EXECUTION_ID":"true"},"ingressSettings":"ALLOW_ALL","serviceAccountEmail":"757611015224-compute@developer.gserviceaccount.com","availableMemory":"256Mi","secretEnvironmentVariables":[{"key":"NODE_ENV","projectId":"inuichiba-ffprod","secret":"NODE_ENV","version":"2"}],"maxInstanceRequestConcurrency":80,"availableCpu":"1"},"labels":{"deployment-tool":"cli-firebase","firebase-functions-hash":"d80304f55d6ed59f87a10d6cdfc4215986442250"},"environment":"GEN_2"},"stages":[{"name":"BUILD","message":"Build in progress","state":"IN_PROGRESS","resource":"projects/757611015224/locations/asia-northeast1/builds/c67222af-8cad-492c-83be-e802a6d0c201","resourceUri":"https://console.cloud.google.com/cloud-build/builds;region=asia-northeast1/c67222af-8cad-492c-83be-e802a6d0c201?project=757611015224"},{"name":"SERVICE","state":"NOT_STARTED"}],"operationType":"CREATE_FUNCTION","buildName":"projects/757611015224/locations/asia-northeast1/builds/c67222af-8cad-492c-83be-e802a6d0c201"},"done":false}
[debug] [2025-04-11T22:21:17.872Z] [create-default-asia-northeast1-api] Retrying task index 0
[debug] [2025-04-11T22:21:17.872Z] Checked if tokens are valid: true, expires at: 1744413549193
[debug] [2025-04-11T22:21:17.872Z] Checked if tokens are valid: true, expires at: 1744413549193
[debug] [2025-04-11T22:21:17.873Z] >>> [apiv2][query] GET https://cloudfunctions.googleapis.com/v2/projects/inuichiba-ffprod/locations/asia-northeast1/operations/operation-1744410067418-632881e693bf3-ff7ea7a4-2226ba2c [none]
[debug] [2025-04-11T22:21:18.172Z] <<< [apiv2][status] GET https://cloudfunctions.googleapis.com/v2/projects/inuichiba-ffprod/locations/asia-northeast1/operations/operation-1744410067418-632881e693bf3-ff7ea7a4-2226ba2c 200
[debug] [2025-04-11T22:21:18.172Z] <<< [apiv2][body] GET https://cloudfunctions.googleapis.com/v2/projects/inuichiba-ffprod/locations/asia-northeast1/operations/operation-1744410067418-632881e693bf3-ff7ea7a4-2226ba2c {"name":"projects/inuichiba-ffprod/locations/asia-northeast1/operations/operation-1744410067418-632881e693bf3-ff7ea7a4-2226ba2c","metadata":{"@type":"type.googleapis.com/google.cloud.functions.v2.OperationMetadata","createTime":"2025-04-11T22:21:08.163208968Z","target":"projects/inuichiba-ffprod/locations/asia-northeast1/functions/api","verb":"create","cancelRequested":false,"apiVersion":"v2","requestResource":{"@type":"type.googleapis.com/google.cloud.functions.v2.Function","name":"projects/inuichiba-ffprod/locations/asia-northeast1/functions/api","buildConfig":{"runtime":"nodejs22","entryPoint":"api","source":{"storageSource":{"bucket":"gcf-v2-sources-757611015224-asia-northeast1","object":"api/function-source.zip","generation":"1744410067625182"}},"environmentVariables":{"GOOGLE_NODE_RUN_SCRIPTS":""},"serviceAccount":"projects/inuichiba-ffprod/serviceAccounts/757611015224-compute@developer.gserviceaccount.com","automaticUpdatePolicy":{}},"serviceConfig":{"service":"projects/inuichiba-ffprod/locations/asia-northeast1/services/api","timeoutSeconds":60,"environmentVariables":{"CHANNEL_ACCESS_TOKEN_PROD":"/0/AD5jmDpc4mgJ3/XCZ7nH28vnxRRhddsMnE9DJV6fo7Iod3vvBwSF7v9utHEInCzZcjkDLFGE3LYZB2Q/PZEjtJSOm0sn8a7Bcu/v6DHdbx/cHkjdv6oWRmcToLKPYZmh1gEcSjHr0A/rSTxhmbAdB04t89/1O/w1cDnyilFU=","CHANNEL_SECRET_PROD":"cf9472531e498e75d65cc0b396436dec","SUPABASE_URL":"https://ollbklkdnzonbxopfwqk.supabase.co","SUPABASE_SERVICE_ROLE_KEY_PROD":"eyJhbGciOiJIUzI1NiIsInR5cCI6IkpXVCJ9.eyJpc3MiOiJzdXBhYmFzZSIsInJlZiI6Im9sbGJrbGtkbnpvbmJ4b3Bmd3FrIiwicm9sZSI6InNlcnZpY2Vfcm9sZSIsImlhdCI6MTc0MzI5MjYzMCwiZXhwIjoyMDU4ODY4NjMwfQ.U6bDiuPz1uDcFe_ELHrEgv8a12eKYpLXAucR6DrV7Fs","SUPABASE_TABLE_NAME_PROD":"users_ffprod","MY_LINE_USER_ID":"Ubabd65c8e4933322c46374c435c82a7b","TARGET_MENU_NAME":"タブＡ(左側メニュー)2025秋","FIREBASE_CONFIG":"{\"projectId\":\"inuichiba-ffprod\",\"storageBucket\":\"inuichiba-ffprod.firebasestorage.app\"}","GCLOUD_PROJECT":"inuichiba-ffprod","EVENTARC_CLOUD_EVENT_SOURCE":"projects/inuichiba-ffprod/locations/asia-northeast1/services/api","FUNCTION_TARGET":"api","LOG_EXECUTION_ID":"true"},"ingressSettings":"ALLOW_ALL","serviceAccountEmail":"757611015224-compute@developer.gserviceaccount.com","availableMemory":"256Mi","secretEnvironmentVariables":[{"key":"NODE_ENV","projectId":"inuichiba-ffprod","secret":"NODE_ENV","version":"2"}],"maxInstanceRequestConcurrency":80,"availableCpu":"1"},"labels":{"deployment-tool":"cli-firebase","firebase-functions-hash":"d80304f55d6ed59f87a10d6cdfc4215986442250"},"environment":"GEN_2"},"stages":[{"name":"BUILD","message":"Build in progress","state":"IN_PROGRESS","resource":"projects/757611015224/locations/asia-northeast1/builds/c67222af-8cad-492c-83be-e802a6d0c201","resourceUri":"https://console.cloud.google.com/cloud-build/builds;region=asia-northeast1/c67222af-8cad-492c-83be-e802a6d0c201?project=757611015224"},{"name":"SERVICE","state":"NOT_STARTED"}],"operationType":"CREATE_FUNCTION","buildName":"projects/757611015224/locations/asia-northeast1/builds/c67222af-8cad-492c-83be-e802a6d0c201"},"done":false}
[debug] [2025-04-11T22:21:26.181Z] [create-default-asia-northeast1-api] Retrying task index 0
[debug] [2025-04-11T22:21:26.182Z] Checked if tokens are valid: true, expires at: 1744413549193
[debug] [2025-04-11T22:21:26.182Z] Checked if tokens are valid: true, expires at: 1744413549193
[debug] [2025-04-11T22:21:26.182Z] >>> [apiv2][query] GET https://cloudfunctions.googleapis.com/v2/projects/inuichiba-ffprod/locations/asia-northeast1/operations/operation-1744410067418-632881e693bf3-ff7ea7a4-2226ba2c [none]
[debug] [2025-04-11T22:21:26.554Z] <<< [apiv2][status] GET https://cloudfunctions.googleapis.com/v2/projects/inuichiba-ffprod/locations/asia-northeast1/operations/operation-1744410067418-632881e693bf3-ff7ea7a4-2226ba2c 200
[debug] [2025-04-11T22:21:26.554Z] <<< [apiv2][body] GET https://cloudfunctions.googleapis.com/v2/projects/inuichiba-ffprod/locations/asia-northeast1/operations/operation-1744410067418-632881e693bf3-ff7ea7a4-2226ba2c {"name":"projects/inuichiba-ffprod/locations/asia-northeast1/operations/operation-1744410067418-632881e693bf3-ff7ea7a4-2226ba2c","metadata":{"@type":"type.googleapis.com/google.cloud.functions.v2.OperationMetadata","createTime":"2025-04-11T22:21:08.163208968Z","target":"projects/inuichiba-ffprod/locations/asia-northeast1/functions/api","verb":"create","cancelRequested":false,"apiVersion":"v2","requestResource":{"@type":"type.googleapis.com/google.cloud.functions.v2.Function","name":"projects/inuichiba-ffprod/locations/asia-northeast1/functions/api","buildConfig":{"runtime":"nodejs22","entryPoint":"api","source":{"storageSource":{"bucket":"gcf-v2-sources-757611015224-asia-northeast1","object":"api/function-source.zip","generation":"1744410067625182"}},"environmentVariables":{"GOOGLE_NODE_RUN_SCRIPTS":""},"serviceAccount":"projects/inuichiba-ffprod/serviceAccounts/757611015224-compute@developer.gserviceaccount.com","automaticUpdatePolicy":{}},"serviceConfig":{"service":"projects/inuichiba-ffprod/locations/asia-northeast1/services/api","timeoutSeconds":60,"environmentVariables":{"CHANNEL_ACCESS_TOKEN_PROD":"/0/AD5jmDpc4mgJ3/XCZ7nH28vnxRRhddsMnE9DJV6fo7Iod3vvBwSF7v9utHEInCzZcjkDLFGE3LYZB2Q/PZEjtJSOm0sn8a7Bcu/v6DHdbx/cHkjdv6oWRmcToLKPYZmh1gEcSjHr0A/rSTxhmbAdB04t89/1O/w1cDnyilFU=","CHANNEL_SECRET_PROD":"cf9472531e498e75d65cc0b396436dec","SUPABASE_URL":"https://ollbklkdnzonbxopfwqk.supabase.co","SUPABASE_SERVICE_ROLE_KEY_PROD":"eyJhbGciOiJIUzI1NiIsInR5cCI6IkpXVCJ9.eyJpc3MiOiJzdXBhYmFzZSIsInJlZiI6Im9sbGJrbGtkbnpvbmJ4b3Bmd3FrIiwicm9sZSI6InNlcnZpY2Vfcm9sZSIsImlhdCI6MTc0MzI5MjYzMCwiZXhwIjoyMDU4ODY4NjMwfQ.U6bDiuPz1uDcFe_ELHrEgv8a12eKYpLXAucR6DrV7Fs","SUPABASE_TABLE_NAME_PROD":"users_ffprod","MY_LINE_USER_ID":"Ubabd65c8e4933322c46374c435c82a7b","TARGET_MENU_NAME":"タブＡ(左側メニュー)2025秋","FIREBASE_CONFIG":"{\"projectId\":\"inuichiba-ffprod\",\"storageBucket\":\"inuichiba-ffprod.firebasestorage.app\"}","GCLOUD_PROJECT":"inuichiba-ffprod","EVENTARC_CLOUD_EVENT_SOURCE":"projects/inuichiba-ffprod/locations/asia-northeast1/services/api","FUNCTION_TARGET":"api","LOG_EXECUTION_ID":"true"},"ingressSettings":"ALLOW_ALL","serviceAccountEmail":"757611015224-compute@developer.gserviceaccount.com","availableMemory":"256Mi","secretEnvironmentVariables":[{"key":"NODE_ENV","projectId":"inuichiba-ffprod","secret":"NODE_ENV","version":"2"}],"maxInstanceRequestConcurrency":80,"availableCpu":"1"},"labels":{"deployment-tool":"cli-firebase","firebase-functions-hash":"d80304f55d6ed59f87a10d6cdfc4215986442250"},"environment":"GEN_2"},"stages":[{"name":"BUILD","message":"Build in progress","state":"IN_PROGRESS","resource":"projects/757611015224/locations/asia-northeast1/builds/c67222af-8cad-492c-83be-e802a6d0c201","resourceUri":"https://console.cloud.google.com/cloud-build/builds;region=asia-northeast1/c67222af-8cad-492c-83be-e802a6d0c201?project=757611015224"},{"name":"SERVICE","state":"NOT_STARTED"}],"operationType":"CREATE_FUNCTION","buildName":"projects/757611015224/locations/asia-northeast1/builds/c67222af-8cad-492c-83be-e802a6d0c201"},"done":false}
[debug] [2025-04-11T22:21:36.559Z] [create-default-asia-northeast1-api] Retrying task index 0
[debug] [2025-04-11T22:21:36.559Z] Checked if tokens are valid: true, expires at: 1744413549193
[debug] [2025-04-11T22:21:36.560Z] Checked if tokens are valid: true, expires at: 1744413549193
[debug] [2025-04-11T22:21:36.560Z] >>> [apiv2][query] GET https://cloudfunctions.googleapis.com/v2/projects/inuichiba-ffprod/locations/asia-northeast1/operations/operation-1744410067418-632881e693bf3-ff7ea7a4-2226ba2c [none]
[debug] [2025-04-11T22:21:36.942Z] <<< [apiv2][status] GET https://cloudfunctions.googleapis.com/v2/projects/inuichiba-ffprod/locations/asia-northeast1/operations/operation-1744410067418-632881e693bf3-ff7ea7a4-2226ba2c 200
[debug] [2025-04-11T22:21:36.943Z] <<< [apiv2][body] GET https://cloudfunctions.googleapis.com/v2/projects/inuichiba-ffprod/locations/asia-northeast1/operations/operation-1744410067418-632881e693bf3-ff7ea7a4-2226ba2c {"name":"projects/inuichiba-ffprod/locations/asia-northeast1/operations/operation-1744410067418-632881e693bf3-ff7ea7a4-2226ba2c","metadata":{"@type":"type.googleapis.com/google.cloud.functions.v2.OperationMetadata","createTime":"2025-04-11T22:21:08.163208968Z","target":"projects/inuichiba-ffprod/locations/asia-northeast1/functions/api","verb":"create","cancelRequested":false,"apiVersion":"v2","requestResource":{"@type":"type.googleapis.com/google.cloud.functions.v2.Function","name":"projects/inuichiba-ffprod/locations/asia-northeast1/functions/api","buildConfig":{"runtime":"nodejs22","entryPoint":"api","source":{"storageSource":{"bucket":"gcf-v2-sources-757611015224-asia-northeast1","object":"api/function-source.zip","generation":"1744410067625182"}},"environmentVariables":{"GOOGLE_NODE_RUN_SCRIPTS":""},"serviceAccount":"projects/inuichiba-ffprod/serviceAccounts/757611015224-compute@developer.gserviceaccount.com","automaticUpdatePolicy":{}},"serviceConfig":{"service":"projects/inuichiba-ffprod/locations/asia-northeast1/services/api","timeoutSeconds":60,"environmentVariables":{"CHANNEL_ACCESS_TOKEN_PROD":"/0/AD5jmDpc4mgJ3/XCZ7nH28vnxRRhddsMnE9DJV6fo7Iod3vvBwSF7v9utHEInCzZcjkDLFGE3LYZB2Q/PZEjtJSOm0sn8a7Bcu/v6DHdbx/cHkjdv6oWRmcToLKPYZmh1gEcSjHr0A/rSTxhmbAdB04t89/1O/w1cDnyilFU=","CHANNEL_SECRET_PROD":"cf9472531e498e75d65cc0b396436dec","SUPABASE_URL":"https://ollbklkdnzonbxopfwqk.supabase.co","SUPABASE_SERVICE_ROLE_KEY_PROD":"eyJhbGciOiJIUzI1NiIsInR5cCI6IkpXVCJ9.eyJpc3MiOiJzdXBhYmFzZSIsInJlZiI6Im9sbGJrbGtkbnpvbmJ4b3Bmd3FrIiwicm9sZSI6InNlcnZpY2Vfcm9sZSIsImlhdCI6MTc0MzI5MjYzMCwiZXhwIjoyMDU4ODY4NjMwfQ.U6bDiuPz1uDcFe_ELHrEgv8a12eKYpLXAucR6DrV7Fs","SUPABASE_TABLE_NAME_PROD":"users_ffprod","MY_LINE_USER_ID":"Ubabd65c8e4933322c46374c435c82a7b","TARGET_MENU_NAME":"タブＡ(左側メニュー)2025秋","FIREBASE_CONFIG":"{\"projectId\":\"inuichiba-ffprod\",\"storageBucket\":\"inuichiba-ffprod.firebasestorage.app\"}","GCLOUD_PROJECT":"inuichiba-ffprod","EVENTARC_CLOUD_EVENT_SOURCE":"projects/inuichiba-ffprod/locations/asia-northeast1/services/api","FUNCTION_TARGET":"api","LOG_EXECUTION_ID":"true"},"ingressSettings":"ALLOW_ALL","serviceAccountEmail":"757611015224-compute@developer.gserviceaccount.com","availableMemory":"256Mi","secretEnvironmentVariables":[{"key":"NODE_ENV","projectId":"inuichiba-ffprod","secret":"NODE_ENV","version":"2"}],"maxInstanceRequestConcurrency":80,"availableCpu":"1"},"labels":{"deployment-tool":"cli-firebase","firebase-functions-hash":"d80304f55d6ed59f87a10d6cdfc4215986442250"},"environment":"GEN_2"},"stages":[{"name":"BUILD","message":"Build in progress","state":"IN_PROGRESS","resource":"projects/757611015224/locations/asia-northeast1/builds/c67222af-8cad-492c-83be-e802a6d0c201","resourceUri":"https://console.cloud.google.com/cloud-build/builds;region=asia-northeast1/c67222af-8cad-492c-83be-e802a6d0c201?project=757611015224"},{"name":"SERVICE","state":"NOT_STARTED"}],"operationType":"CREATE_FUNCTION","buildName":"projects/757611015224/locations/asia-northeast1/builds/c67222af-8cad-492c-83be-e802a6d0c201"},"done":false}
[debug] [2025-04-11T22:21:46.954Z] [create-default-asia-northeast1-api] Retrying task index 0
[debug] [2025-04-11T22:21:46.954Z] Checked if tokens are valid: true, expires at: 1744413549193
[debug] [2025-04-11T22:21:46.955Z] Checked if tokens are valid: true, expires at: 1744413549193
[debug] [2025-04-11T22:21:46.955Z] >>> [apiv2][query] GET https://cloudfunctions.googleapis.com/v2/projects/inuichiba-ffprod/locations/asia-northeast1/operations/operation-1744410067418-632881e693bf3-ff7ea7a4-2226ba2c [none]
[debug] [2025-04-11T22:21:47.151Z] <<< [apiv2][status] GET https://cloudfunctions.googleapis.com/v2/projects/inuichiba-ffprod/locations/asia-northeast1/operations/operation-1744410067418-632881e693bf3-ff7ea7a4-2226ba2c 200
[debug] [2025-04-11T22:21:47.151Z] <<< [apiv2][body] GET https://cloudfunctions.googleapis.com/v2/projects/inuichiba-ffprod/locations/asia-northeast1/operations/operation-1744410067418-632881e693bf3-ff7ea7a4-2226ba2c {"name":"projects/inuichiba-ffprod/locations/asia-northeast1/operations/operation-1744410067418-632881e693bf3-ff7ea7a4-2226ba2c","metadata":{"@type":"type.googleapis.com/google.cloud.functions.v2.OperationMetadata","createTime":"2025-04-11T22:21:08.163208968Z","target":"projects/inuichiba-ffprod/locations/asia-northeast1/functions/api","verb":"create","cancelRequested":false,"apiVersion":"v2","requestResource":{"@type":"type.googleapis.com/google.cloud.functions.v2.Function","name":"projects/inuichiba-ffprod/locations/asia-northeast1/functions/api","buildConfig":{"runtime":"nodejs22","entryPoint":"api","source":{"storageSource":{"bucket":"gcf-v2-sources-757611015224-asia-northeast1","object":"api/function-source.zip","generation":"1744410067625182"}},"environmentVariables":{"GOOGLE_NODE_RUN_SCRIPTS":""},"serviceAccount":"projects/inuichiba-ffprod/serviceAccounts/757611015224-compute@developer.gserviceaccount.com","automaticUpdatePolicy":{}},"serviceConfig":{"service":"projects/inuichiba-ffprod/locations/asia-northeast1/services/api","timeoutSeconds":60,"environmentVariables":{"CHANNEL_ACCESS_TOKEN_PROD":"/0/AD5jmDpc4mgJ3/XCZ7nH28vnxRRhddsMnE9DJV6fo7Iod3vvBwSF7v9utHEInCzZcjkDLFGE3LYZB2Q/PZEjtJSOm0sn8a7Bcu/v6DHdbx/cHkjdv6oWRmcToLKPYZmh1gEcSjHr0A/rSTxhmbAdB04t89/1O/w1cDnyilFU=","CHANNEL_SECRET_PROD":"cf9472531e498e75d65cc0b396436dec","SUPABASE_URL":"https://ollbklkdnzonbxopfwqk.supabase.co","SUPABASE_SERVICE_ROLE_KEY_PROD":"eyJhbGciOiJIUzI1NiIsInR5cCI6IkpXVCJ9.eyJpc3MiOiJzdXBhYmFzZSIsInJlZiI6Im9sbGJrbGtkbnpvbmJ4b3Bmd3FrIiwicm9sZSI6InNlcnZpY2Vfcm9sZSIsImlhdCI6MTc0MzI5MjYzMCwiZXhwIjoyMDU4ODY4NjMwfQ.U6bDiuPz1uDcFe_ELHrEgv8a12eKYpLXAucR6DrV7Fs","SUPABASE_TABLE_NAME_PROD":"users_ffprod","MY_LINE_USER_ID":"Ubabd65c8e4933322c46374c435c82a7b","TARGET_MENU_NAME":"タブＡ(左側メニュー)2025秋","FIREBASE_CONFIG":"{\"projectId\":\"inuichiba-ffprod\",\"storageBucket\":\"inuichiba-ffprod.firebasestorage.app\"}","GCLOUD_PROJECT":"inuichiba-ffprod","EVENTARC_CLOUD_EVENT_SOURCE":"projects/inuichiba-ffprod/locations/asia-northeast1/services/api","FUNCTION_TARGET":"api","LOG_EXECUTION_ID":"true"},"ingressSettings":"ALLOW_ALL","serviceAccountEmail":"757611015224-compute@developer.gserviceaccount.com","availableMemory":"256Mi","secretEnvironmentVariables":[{"key":"NODE_ENV","projectId":"inuichiba-ffprod","secret":"NODE_ENV","version":"2"}],"maxInstanceRequestConcurrency":80,"availableCpu":"1"},"labels":{"deployment-tool":"cli-firebase","firebase-functions-hash":"d80304f55d6ed59f87a10d6cdfc4215986442250"},"environment":"GEN_2"},"stages":[{"name":"BUILD","message":"Build in progress","state":"IN_PROGRESS","resource":"projects/757611015224/locations/asia-northeast1/builds/c67222af-8cad-492c-83be-e802a6d0c201","resourceUri":"https://console.cloud.google.com/cloud-build/builds;region=asia-northeast1/c67222af-8cad-492c-83be-e802a6d0c201?project=757611015224"},{"name":"SERVICE","state":"NOT_STARTED"}],"operationType":"CREATE_FUNCTION","buildName":"projects/757611015224/locations/asia-northeast1/builds/c67222af-8cad-492c-83be-e802a6d0c201"},"done":false}
[debug] [2025-04-11T22:21:57.156Z] [create-default-asia-northeast1-api] Retrying task index 0
[debug] [2025-04-11T22:21:57.157Z] Checked if tokens are valid: true, expires at: 1744413549193
[debug] [2025-04-11T22:21:57.157Z] Checked if tokens are valid: true, expires at: 1744413549193
[debug] [2025-04-11T22:21:57.157Z] >>> [apiv2][query] GET https://cloudfunctions.googleapis.com/v2/projects/inuichiba-ffprod/locations/asia-northeast1/operations/operation-1744410067418-632881e693bf3-ff7ea7a4-2226ba2c [none]
[debug] [2025-04-11T22:21:57.531Z] <<< [apiv2][status] GET https://cloudfunctions.googleapis.com/v2/projects/inuichiba-ffprod/locations/asia-northeast1/operations/operation-1744410067418-632881e693bf3-ff7ea7a4-2226ba2c 200
[debug] [2025-04-11T22:21:57.532Z] <<< [apiv2][body] GET https://cloudfunctions.googleapis.com/v2/projects/inuichiba-ffprod/locations/asia-northeast1/operations/operation-1744410067418-632881e693bf3-ff7ea7a4-2226ba2c {"name":"projects/inuichiba-ffprod/locations/asia-northeast1/operations/operation-1744410067418-632881e693bf3-ff7ea7a4-2226ba2c","metadata":{"@type":"type.googleapis.com/google.cloud.functions.v2.OperationMetadata","createTime":"2025-04-11T22:21:08.163208968Z","target":"projects/inuichiba-ffprod/locations/asia-northeast1/functions/api","verb":"create","cancelRequested":false,"apiVersion":"v2","requestResource":{"@type":"type.googleapis.com/google.cloud.functions.v2.Function","name":"projects/inuichiba-ffprod/locations/asia-northeast1/functions/api","buildConfig":{"runtime":"nodejs22","entryPoint":"api","source":{"storageSource":{"bucket":"gcf-v2-sources-757611015224-asia-northeast1","object":"api/function-source.zip","generation":"1744410067625182"}},"environmentVariables":{"GOOGLE_NODE_RUN_SCRIPTS":""},"serviceAccount":"projects/inuichiba-ffprod/serviceAccounts/757611015224-compute@developer.gserviceaccount.com","automaticUpdatePolicy":{}},"serviceConfig":{"service":"projects/inuichiba-ffprod/locations/asia-northeast1/services/api","timeoutSeconds":60,"environmentVariables":{"CHANNEL_ACCESS_TOKEN_PROD":"/0/AD5jmDpc4mgJ3/XCZ7nH28vnxRRhddsMnE9DJV6fo7Iod3vvBwSF7v9utHEInCzZcjkDLFGE3LYZB2Q/PZEjtJSOm0sn8a7Bcu/v6DHdbx/cHkjdv6oWRmcToLKPYZmh1gEcSjHr0A/rSTxhmbAdB04t89/1O/w1cDnyilFU=","CHANNEL_SECRET_PROD":"cf9472531e498e75d65cc0b396436dec","SUPABASE_URL":"https://ollbklkdnzonbxopfwqk.supabase.co","SUPABASE_SERVICE_ROLE_KEY_PROD":"eyJhbGciOiJIUzI1NiIsInR5cCI6IkpXVCJ9.eyJpc3MiOiJzdXBhYmFzZSIsInJlZiI6Im9sbGJrbGtkbnpvbmJ4b3Bmd3FrIiwicm9sZSI6InNlcnZpY2Vfcm9sZSIsImlhdCI6MTc0MzI5MjYzMCwiZXhwIjoyMDU4ODY4NjMwfQ.U6bDiuPz1uDcFe_ELHrEgv8a12eKYpLXAucR6DrV7Fs","SUPABASE_TABLE_NAME_PROD":"users_ffprod","MY_LINE_USER_ID":"Ubabd65c8e4933322c46374c435c82a7b","TARGET_MENU_NAME":"タブＡ(左側メニュー)2025秋","FIREBASE_CONFIG":"{\"projectId\":\"inuichiba-ffprod\",\"storageBucket\":\"inuichiba-ffprod.firebasestorage.app\"}","GCLOUD_PROJECT":"inuichiba-ffprod","EVENTARC_CLOUD_EVENT_SOURCE":"projects/inuichiba-ffprod/locations/asia-northeast1/services/api","FUNCTION_TARGET":"api","LOG_EXECUTION_ID":"true"},"ingressSettings":"ALLOW_ALL","serviceAccountEmail":"757611015224-compute@developer.gserviceaccount.com","availableMemory":"256Mi","secretEnvironmentVariables":[{"key":"NODE_ENV","projectId":"inuichiba-ffprod","secret":"NODE_ENV","version":"2"}],"maxInstanceRequestConcurrency":80,"availableCpu":"1"},"labels":{"deployment-tool":"cli-firebase","firebase-functions-hash":"d80304f55d6ed59f87a10d6cdfc4215986442250"},"environment":"GEN_2"},"stages":[{"name":"BUILD","message":"Build in progress","state":"IN_PROGRESS","resource":"projects/757611015224/locations/asia-northeast1/builds/c67222af-8cad-492c-83be-e802a6d0c201","resourceUri":"https://console.cloud.google.com/cloud-build/builds;region=asia-northeast1/c67222af-8cad-492c-83be-e802a6d0c201?project=757611015224"},{"name":"SERVICE","state":"NOT_STARTED"}],"operationType":"CREATE_FUNCTION","buildName":"projects/757611015224/locations/asia-northeast1/builds/c67222af-8cad-492c-83be-e802a6d0c201"},"done":false}
[debug] [2025-04-11T22:22:07.544Z] [create-default-asia-northeast1-api] Retrying task index 0
[debug] [2025-04-11T22:22:07.545Z] Checked if tokens are valid: true, expires at: 1744413549193
[debug] [2025-04-11T22:22:07.545Z] Checked if tokens are valid: true, expires at: 1744413549193
[debug] [2025-04-11T22:22:07.545Z] >>> [apiv2][query] GET https://cloudfunctions.googleapis.com/v2/projects/inuichiba-ffprod/locations/asia-northeast1/operations/operation-1744410067418-632881e693bf3-ff7ea7a4-2226ba2c [none]
[debug] [2025-04-11T22:22:07.975Z] <<< [apiv2][status] GET https://cloudfunctions.googleapis.com/v2/projects/inuichiba-ffprod/locations/asia-northeast1/operations/operation-1744410067418-632881e693bf3-ff7ea7a4-2226ba2c 200
[debug] [2025-04-11T22:22:07.975Z] <<< [apiv2][body] GET https://cloudfunctions.googleapis.com/v2/projects/inuichiba-ffprod/locations/asia-northeast1/operations/operation-1744410067418-632881e693bf3-ff7ea7a4-2226ba2c {"name":"projects/inuichiba-ffprod/locations/asia-northeast1/operations/operation-1744410067418-632881e693bf3-ff7ea7a4-2226ba2c","metadata":{"@type":"type.googleapis.com/google.cloud.functions.v2.OperationMetadata","createTime":"2025-04-11T22:21:08.163208968Z","endTime":"2025-04-11T22:22:06.885712496Z","target":"projects/inuichiba-ffprod/locations/asia-northeast1/functions/api","verb":"create","cancelRequested":false,"apiVersion":"v2","requestResource":{"@type":"type.googleapis.com/google.cloud.functions.v2.Function","name":"projects/inuichiba-ffprod/locations/asia-northeast1/functions/api","buildConfig":{"runtime":"nodejs22","entryPoint":"api","source":{"storageSource":{"bucket":"gcf-v2-sources-757611015224-asia-northeast1","object":"api/function-source.zip","generation":"1744410067625182"}},"environmentVariables":{"GOOGLE_NODE_RUN_SCRIPTS":""},"serviceAccount":"projects/inuichiba-ffprod/serviceAccounts/757611015224-compute@developer.gserviceaccount.com","automaticUpdatePolicy":{}},"serviceConfig":{"service":"projects/inuichiba-ffprod/locations/asia-northeast1/services/api","timeoutSeconds":60,"environmentVariables":{"CHANNEL_ACCESS_TOKEN_PROD":"/0/AD5jmDpc4mgJ3/XCZ7nH28vnxRRhddsMnE9DJV6fo7Iod3vvBwSF7v9utHEInCzZcjkDLFGE3LYZB2Q/PZEjtJSOm0sn8a7Bcu/v6DHdbx/cHkjdv6oWRmcToLKPYZmh1gEcSjHr0A/rSTxhmbAdB04t89/1O/w1cDnyilFU=","CHANNEL_SECRET_PROD":"cf9472531e498e75d65cc0b396436dec","SUPABASE_URL":"https://ollbklkdnzonbxopfwqk.supabase.co","SUPABASE_SERVICE_ROLE_KEY_PROD":"eyJhbGciOiJIUzI1NiIsInR5cCI6IkpXVCJ9.eyJpc3MiOiJzdXBhYmFzZSIsInJlZiI6Im9sbGJrbGtkbnpvbmJ4b3Bmd3FrIiwicm9sZSI6InNlcnZpY2Vfcm9sZSIsImlhdCI6MTc0MzI5MjYzMCwiZXhwIjoyMDU4ODY4NjMwfQ.U6bDiuPz1uDcFe_ELHrEgv8a12eKYpLXAucR6DrV7Fs","SUPABASE_TABLE_NAME_PROD":"users_ffprod","MY_LINE_USER_ID":"Ubabd65c8e4933322c46374c435c82a7b","TARGET_MENU_NAME":"タブＡ(左側メニュー)2025秋","FIREBASE_CONFIG":"{\"projectId\":\"inuichiba-ffprod\",\"storageBucket\":\"inuichiba-ffprod.firebasestorage.app\"}","GCLOUD_PROJECT":"inuichiba-ffprod","EVENTARC_CLOUD_EVENT_SOURCE":"projects/inuichiba-ffprod/locations/asia-northeast1/services/api","FUNCTION_TARGET":"api","LOG_EXECUTION_ID":"true"},"ingressSettings":"ALLOW_ALL","serviceAccountEmail":"757611015224-compute@developer.gserviceaccount.com","availableMemory":"256Mi","secretEnvironmentVariables":[{"key":"NODE_ENV","projectId":"inuichiba-ffprod","secret":"NODE_ENV","version":"2"}],"maxInstanceRequestConcurrency":80,"availableCpu":"1"},"labels":{"deployment-tool":"cli-firebase","firebase-functions-hash":"d80304f55d6ed59f87a10d6cdfc4215986442250"},"environment":"GEN_2"},"stages":[{"name":"ARTIFACT_REGISTRY","message":"Deleting function artifacts in Artifact Registry","state":"COMPLETE"},{"name":"SERVICE","message":"Deleting Cloud Run service","state":"COMPLETE","resource":"projects/inuichiba-ffprod/locations/asia-northeast1/services/api"}],"operationType":"CREATE_FUNCTION"},"done":true,"error":{"code":3,"message":"Build failed with status: FAILURE and message: npm error code EUSAGE\nnpm error\nnpm error `npm ci` can only install packages when your package.json and package-lock.json or npm-shrinkwrap.json are in sync. Please update your lock file with `npm install` before continuing.\nnpm error\nnpm error Missing: jest@29.7.0 from lock file\nnpm error Missing: @jest/core@29.7.0 from lock file\nnpm error Missing: @jest/types@29.6.3 from lock file\nnpm error Missing: import-local@3.2.0 from lock file\nnpm error Missing: jest-cli@29.7.0 from lock file\nnpm error Missing: @jest/console@29.7.0 from lock file\nnpm error Missing: @jest/reporters@29.7.0 from lock file\nnpm error Missing: @jest/test-result@29.7.0 from lock file\nnpm error Missing: @jest/transform@29.7.0 from lock file\nnpm error Missing: ansi-escapes@4.3.2 from lock file\nnpm error Missing: ci-info@3.9.0 from lock file\nnpm error Missing: exit@0.1.2 from lock file\nnpm error Missing: graceful-fs@4.2.11 from lock file\nnpm error Missing: jest-changed-files@29.7.0 from lock file\nnpm error Missing: jest-config@29.7.0 from lock file\nnpm error Missing: jest-haste-map@29.7.0 from lock file\nnpm error Missing: jest-message-util@29.7.0 from lock file\nnpm error Missing: jest-regex-util@29.6.3 from lock file\nnpm error Missing: jest-resolve@29.7.0 from lock file\nnpm error Missing: jest-resolve-dependencies@29.7.0 from lock file\nnpm error Missing: jest-runner@29.7.0 from lock file\nnpm error Missing: jest-runtime@29.7.0 from lock file\nnpm error Missing: jest-snapshot@29.7.0 from lock file\nnpm error Missing: jest-util@29.7.0 from lock file\nnpm error Missing: jest-validate@29.7.0 from lock file\nnpm error Missing: jest-watcher@29.7.0 from lock file\nnpm error Missing: micromatch@4.0.8 from lock file\nnpm error Missing: pretty-format@29.7.0 from lock file\nnpm error Missing: slash@3.0.0 from lock file\nnpm error Missing: @bcoe/v8-coverage@0.2.3 from lock file\nnpm error Missing: @jridgewell/trace-mapping@0.3.25 from lock file\nnpm error Missing: collect-v8-coverage@1.0.2 from lock file\nnpm error Missing: istanbul-lib-coverage@3.2.2 from lock file\nnpm error Missing: istanbul-lib-instrument@6.0.3 from lock file\nnpm error Missing: istanbul-lib-report@3.0.1 from lock file\nnpm error Missing: istanbul-lib-source-maps@4.0.1 from lock file\nnpm error Missing: istanbul-reports@3.1.7 from lock file\nnpm error Missing: jest-worker@29.7.0 from lock file\nnpm error Missing: string-length@4.0.2 from lock file\nnpm error Missing: v8-to-istanbul@9.3.0 from lock file\nnpm error Missing: @types/istanbul-lib-coverage@2.0.6 from lock file\nnpm error Missing: @babel/core@7.26.10 from lock file\nnpm error Missing: babel-plugin-istanbul@6.1.1 from lock file\nnpm error Missing: convert-source-map@2.0.0 from lock file\nnpm error Missing: pirates@4.0.7 from lock file\nnpm error Missing: write-file-atomic@4.0.2 from lock file\nnpm error Missing: @ampproject/remapping@2.3.0 from lock file\nnpm error Missing: @babel/code-frame@7.26.2 from lock file\nnpm error Missing: @babel/generator@7.27.0 from lock file\nnpm error Missing: @babel/helper-compilation-targets@7.27.0 from lock file\nnpm error Missing: @babel/helper-module-transforms@7.26.0 from lock file\nnpm error Missing: @babel/helpers@7.27.0 from lock file\nnpm error Missing: @babel/parser@7.27.0 from lock file\nnpm error Missing: @babel/template@7.27.0 from lock file\nnpm error Missing: @babel/traverse@7.27.0 from lock file\nnpm error Missing: @babel/types@7.27.0 from lock file\nnpm error Missing: gensync@1.0.0-beta.2 from lock file\nnpm error Missing: json5@2.2.3 from lock file\nnpm error Missing: semver@6.3.1 from lock file\nnpm error Missing: @jridgewell/gen-mapping@0.3.8 from lock file\nnpm error Missing: @babel/helper-validator-identifier@7.25.9 from lock file\nnpm error Missing: js-tokens@4.0.0 from lock file\nnpm error Missing: picocolors@1.1.1 from lock file\nnpm error Missing: jsesc@3.1.0 from lock file\nnpm error Missing: @babel/compat-data@7.26.8 from lock file\nnpm error Missing: @babel/helper-validator-option@7.25.9 from lock file\nnpm error Missing: browserslist@4.24.4 from lock file\nnpm error Missing: lru-cache@5.1.1 from lock file\nnpm error Missing: semver@6.3.1 from lock file\nnpm error Missing: @babel/helper-module-imports@7.25.9 from lock file\nnpm error Missing: globals@11.12.0 from lock file\nnpm error Missing: @babel/helper-string-parser@7.25.9 from lock file\nnpm error Missing: @jest/schemas@29.6.3 from lock file\nnpm error Missing: @types/istanbul-reports@3.0.4 from lock file\nnpm error Missing: @types/yargs@17.0.33 from lock file\nnpm error Missing: @sinclair/typebox@0.27.8 from lock file\nnpm error Missing: @jridgewell/set-array@1.2.1 from lock file\nnpm error Missing: @jridgewell/sourcemap-codec@1.5.0 from lock file\nnpm error Missing: @jridgewell/resolve-uri@3.1.2 from lock file\nnpm error Missing: @types/istanbul-lib-report@3.0.3 from lock file\nnpm error Missing: @types/yargs-parser@21.0.3 from lock file\nnpm error Missing: type-fest@0.21.3 from lock file\nnpm error Missing: @babel/helper-plugin-utils@7.26.5 from lock file\nnpm error Missing: @istanbuljs/load-nyc-config@1.1.0 from lock file\nnpm error Missing: @istanbuljs/schema@0.1.3 from lock file\nnpm error Missing: istanbul-lib-instrument@5.2.1 from lock file\nnpm error Missing: test-exclude@6.0.0 from lock file\nnpm error Missing: camelcase@5.3.1 from lock file\nnpm error Missing: find-up@4.1.0 from lock file\nnpm error Missing: get-package-type@0.1.0 from lock file\nnpm error Missing: js-yaml@3.14.1 from lock file\nnpm error Missing: resolve-from@5.0.0 from lock file\nnpm error Missing: caniuse-lite@1.0.30001713 from lock file\nnpm error Missing: electron-to-chromium@1.5.136 from lock file\nnpm error Missing: node-releases@2.0.19 from lock file\nnpm error Missing: update-browserslist-db@1.1.3 from lock file\nnpm error Missing: pkg-dir@4.2.0 from lock file\nnpm error Missing: resolve-cwd@3.0.0 from lock file\nnpm error Missing: make-dir@4.0.0 from lock file\nnpm error Missing: source-map@0.6.1 from lock file\nnpm error Missing: html-escaper@2.0.2 from lock file\nnpm error Missing: execa@5.1.1 from lock file\nnpm error Missing: get-stream@6.0.1 from lock file\nnpm error Missing: human-signals@2.1.0 from lock file\nnpm error Missing: merge-stream@2.0.0 from lock file\nnpm error Missing: npm-run-path@4.0.1 from lock file\nnpm error Missing: onetime@5.1.2 from lock file\nnpm error Missing: signal-exit@3.0.7 from lock file\nnpm error Missing: strip-final-newline@2.0.0 from lock file\nnpm error Missing: create-jest@29.7.0 from lock file\nnpm error Missing: prompts@2.4.2 from lock file\nnpm error Missing: @jest/test-sequencer@29.7.0 from lock file\nnpm error Missing: babel-jest@29.7.0 from lock file\nnpm error Missing: deepmerge@4.3.1 from lock file\nnpm error Missing: jest-circus@29.7.0 from lock file\nnpm error Missing: jest-environment-node@29.7.0 from lock file\nnpm error Missing: jest-get-type@29.6.3 from lock file\nnpm error Missing: parse-json@5.2.0 from lock file\nnpm error Missing: @types/babel__core@7.20.5 from lock file\nnpm error Missing: babel-preset-jest@29.6.3 from lock file\nnpm error Missing: @types/babel__generator@7.27.0 from lock file\nnpm error Missing: @types/babel__template@7.4.4 from lock file\nnpm error Missing: @types/babel__traverse@7.20.7 from lock file\nnpm error Missing: babel-plugin-jest-hoist@29.6.3 from lock file\nnpm error Missing: babel-preset-current-node-syntax@1.1.0 from lock file\nnpm error Missing: @babel/plugin-syntax-async-generators@7.8.4 from lock file\nnpm error Missing: @babel/plugin-syntax-bigint@7.8.3 from lock file\nnpm error Missing: @babel/plugin-syntax-class-properties@7.12.13 from lock file\nnpm error Missing: @babel/plugin-syntax-class-static-block@7.14.5 from lock file\nnpm error Missing: @babel/plugin-syntax-import-attributes@7.26.0 from lock file\nnpm error Missing: @babel/plugin-syntax-import-meta@7.10.4 from lock file\nnpm error Missing: @babel/plugin-syntax-json-strings@7.8.3 from lock file\nnpm error Missing: @babel/plugin-syntax-logical-assignment-operators@7.10.4 from lock file\nnpm error Missing: @babel/plugin-syntax-nullish-coalescing-operator@7.8.3 from lock file\nnpm error Missing: @babel/plugin-syntax-numeric-separator@7.10.4 from lock file\nnpm error Missing: @babel/plugin-syntax-object-rest-spread@7.8.3 from lock file\nnpm error Missing: @babel/plugin-syntax-optional-catch-binding@7.8.3 from lock file\nnpm error Missing: @babel/plugin-syntax-optional-chaining@7.8.3 from lock file\nnpm error Missing: @babel/plugin-syntax-private-property-in-object@7.14.5 from lock file\nnpm error Missing: @babel/plugin-syntax-top-level-await@7.14.5 from lock file\nnpm error Missing: @jest/environment@29.7.0 from lock file\nnpm error Missing: @jest/expect@29.7.0 from lock file\nnpm error Missing: co@4.6.0 from lock file\nnpm error Missing: dedent@1.5.3 from lock file\nnpm error Missing: is-generator-fn@2.1.0 from lock file\nnpm error Missing: jest-each@29.7.0 from lock file\nnpm error Missing: jest-matcher-utils@29.7.0 from lock file\nnpm error Missing: pure-rand@6.1.0 from lock file\nnpm error Missing: stack-utils@2.0.6 from lock file\nnpm error Missing: @jest/fake-timers@29.7.0 from lock file\nnpm error Missing: jest-mock@29.7.0 from lock file\nnpm error Missing: expect@29.7.0 from lock file\nnpm error Missing: @sinonjs/fake-timers@10.3.0 from lock file\nnpm error Missing: @sinonjs/commons@3.0.1 from lock file\nnpm error Missing: type-detect@4.0.8 from lock file\nnpm error Missing: @jest/expect-utils@29.7.0 from lock file\nnpm error Missing: @types/graceful-fs@4.1.9 from lock file\nnpm error Missing: anymatch@3.1.3 from lock file\nnpm error Missing: fb-watchman@2.0.2 from lock file\nnpm error Missing: fsevents@2.3.3 from lock file\nnpm error Missing: walker@1.0.8 from lock file\nnpm error Missing: normalize-path@3.0.0 from lock file\nnpm error Missing: picomatch@2.3.1 from lock file\nnpm error Missing: bser@2.1.1 from lock file\nnpm error Missing: node-int64@0.4.0 from lock file\nnpm error Missing: jest-diff@29.7.0 from lock file\nnpm error Missing: diff-sequences@29.6.3 from lock file\nnpm error Missing: @types/stack-utils@2.0.3 from lock file\nnpm error Missing: jest-pnp-resolver@1.2.3 from lock file\nnpm error Missing: resolve@1.22.10 from lock file\nnpm error Missing: resolve.exports@2.0.3 from lock file\nnpm error Missing: emittery@0.13.1 from lock file\nnpm error Missing: jest-docblock@29.7.0 from lock file\nnpm error Missing: jest-leak-detector@29.7.0 from lock file\nnpm error Missing: source-map-support@0.5.13 from lock file\nnpm error Missing: detect-newline@3.1.0 from lock file\nnpm error Missing: @jest/globals@29.7.0 from lock file\nnpm error Missing: @jest/source-map@29.6.3 from lock file\nnpm error Missing: cjs-module-lexer@1.4.3 from lock file\nnpm error Missing: strip-bom@4.0.0 from lock file\nnpm error Missing: @babel/plugin-syntax-jsx@7.25.9 from lock file\nnpm error Missing: @babel/plugin-syntax-typescript@7.25.9 from lock file\nnpm error Missing: camelcase@6.3.0 from lock file\nnpm error Missing: leven@3.1.0 from lock file\nnpm error Missing: supports-color@8.1.1 from lock file\nnpm error Missing: braces@3.0.3 from lock file\nnpm error Missing: fill-range@7.1.1 from lock file\nnpm error Missing: to-regex-range@5.0.1 from lock file\nnpm error Missing: mimic-fn@2.1.0 from lock file\nnpm error Missing: error-ex@1.3.2 from lock file\nnpm error Missing: json-parse-even-better-errors@2.3.1 from lock file\nnpm error Missing: lines-and-columns@1.2.4 from lock file\nnpm error Missing: is-arrayish@0.2.1 from lock file\nnpm error Missing: find-up@4.1.0 from lock file\nnpm error Missing: ansi-styles@5.2.0 from lock file\nnpm error Missing: react-is@18.3.1 from lock file\nnpm error Missing: kleur@3.0.3 from lock file\nnpm error Missing: sisteransi@1.0.5 from lock file\nnpm error Missing: is-core-module@2.16.1 from lock file\nnpm error Missing: path-parse@1.0.7 from lock file\nnpm error Missing: supports-preserve-symlinks-flag@1.0.0 from lock file\nnpm error Missing: resolve-from@5.0.0 from lock file\nnpm error Missing: buffer-from@1.1.2 from lock file\nnpm error Missing: escape-string-regexp@2.0.0 from lock file\nnpm error Missing: char-regex@1.0.2 from lock file\nnpm error Missing: is-number@7.0.0 from lock file\nnpm error Missing: makeerror@1.0.12 from lock file\nnpm error Missing: tmpl@1.0.5 from lock file\nnpm error Missing: yallist@3.1.1 from lock file\nnpm error Missing: locate-path@5.0.0 from lock file\nnpm error Missing: argparse@1.0.10 from lock file\nnpm error Missing: esprima@4.0.1 from lock file\nnpm error Missing: sprintf-js@1.0.3 from lock file\nnpm error Missing: p-locate@4.1.0 from lock file\nnpm error Missing: p-limit@2.3.0 from lock file\nnpm error Missing: p-try@2.2.0 from lock file\nnpm error Missing: semver@6.3.1 from lock file\nnpm error Missing: locate-path@5.0.0 from lock file\nnpm error Missing: p-locate@4.1.0 from lock file\nnpm error Missing: p-limit@2.3.0 from lock file\nnpm error\nnpm error Clean install a project\nnpm error\nnpm error Usage:\nnpm error npm ci\nnpm error\nnpm error Options:\nnpm error [--install-strategy <hoisted|nested|shallow|linked>] [--legacy-bundling]\nnpm error [--global-style] [--omit <dev|optional|peer> [--omit <dev|optional|peer> ...]]\nnpm error [--include <prod|dev|optional|peer> [--include <prod|dev|optional|peer> ...]]\nnpm error [--strict-peer-deps] [--foreground-scripts] [--ignore-scripts] [--no-audit]\nnpm error [--no-bin-links] [--no-fund] [--dry-run]\nnpm error [-w|--workspace <workspace-name> [-w|--workspace <workspace-name> ...]]\nnpm error [-ws|--workspaces] [--include-workspace-root] [--install-links]\nnpm error\nnpm error aliases: clean-install, ic, install-clean, isntall-clean\nnpm error\nnpm error Run \"npm help ci\" for more info\nnpm error A complete log of this run can be found in: /www-data-home/.npm/_logs/2025-04-11T22_21_27_525Z-debug-0.log. For more details see the logs at https://console.cloud.google.com/cloud-build/builds;region=asia-northeast1/c67222af-8cad-492c-83be-e802a6d0c201?project=757611015224."}}
[debug] [2025-04-11T22:22:07.977Z] Got source token undefined for region asia-northeast1
[error] Build failed with status: FAILURE and message: npm error code EUSAGE
npm error
npm error `npm ci` can only install packages when your package.json and package-lock.json or npm-shrinkwrap.json are in sync. Please update your lock file with `npm install` before continuing.
npm error
npm error Missing: jest@29.7.0 from lock file
npm error Missing: @jest/core@29.7.0 from lock file
npm error Missing: @jest/types@29.6.3 from lock file
npm error Missing: import-local@3.2.0 from lock file
npm error Missing: jest-cli@29.7.0 from lock file
npm error Missing: @jest/console@29.7.0 from lock file
npm error Missing: @jest/reporters@29.7.0 from lock file
npm error Missing: @jest/test-result@29.7.0 from lock file
npm error Missing: @jest/transform@29.7.0 from lock file
npm error Missing: ansi-escapes@4.3.2 from lock file
npm error Missing: ci-info@3.9.0 from lock file
npm error Missing: exit@0.1.2 from lock file
npm error Missing: graceful-fs@4.2.11 from lock file
npm error Missing: jest-changed-files@29.7.0 from lock file
npm error Missing: jest-config@29.7.0 from lock file
npm error Missing: jest-haste-map@29.7.0 from lock file
npm error Missing: jest-message-util@29.7.0 from lock file
npm error Missing: jest-regex-util@29.6.3 from lock file
npm error Missing: jest-resolve@29.7.0 from lock file
npm error Missing: jest-resolve-dependencies@29.7.0 from lock file
npm error Missing: jest-runner@29.7.0 from lock file
npm error Missing: jest-runtime@29.7.0 from lock file
npm error Missing: jest-snapshot@29.7.0 from lock file
npm error Missing: jest-util@29.7.0 from lock file
npm error Missing: jest-validate@29.7.0 from lock file
npm error Missing: jest-watcher@29.7.0 from lock file
npm error Missing: micromatch@4.0.8 from lock file
npm error Missing: pretty-format@29.7.0 from lock file
npm error Missing: slash@3.0.0 from lock file
npm error Missing: @bcoe/v8-coverage@0.2.3 from lock file
npm error Missing: @jridgewell/trace-mapping@0.3.25 from lock file
npm error Missing: collect-v8-coverage@1.0.2 from lock file
npm error Missing: istanbul-lib-coverage@3.2.2 from lock file
npm error Missing: istanbul-lib-instrument@6.0.3 from lock file
npm error Missing: istanbul-lib-report@3.0.1 from lock file
npm error Missing: istanbul-lib-source-maps@4.0.1 from lock file
npm error Missing: istanbul-reports@3.1.7 from lock file
npm error Missing: jest-worker@29.7.0 from lock file
npm error Missing: string-length@4.0.2 from lock file
npm error Missing: v8-to-istanbul@9.3.0 from lock file
npm error Missing: @types/istanbul-lib-coverage@2.0.6 from lock file
npm error Missing: @babel/core@7.26.10 from lock file
npm error Missing: babel-plugin-istanbul@6.1.1 from lock file
npm error Missing: convert-source-map@2.0.0 from lock file
npm error Missing: pirates@4.0.7 from lock file
npm error Missing: write-file-atomic@4.0.2 from lock file
npm error Missing: @ampproject/remapping@2.3.0 from lock file
npm error Missing: @babel/code-frame@7.26.2 from lock file
npm error Missing: @babel/generator@7.27.0 from lock file
npm error Missing: @babel/helper-compilation-targets@7.27.0 from lock file
npm error Missing: @babel/helper-module-transforms@7.26.0 from lock file
npm error Missing: @babel/helpers@7.27.0 from lock file
npm error Missing: @babel/parser@7.27.0 from lock file
npm error Missing: @babel/template@7.27.0 from lock file
npm error Missing: @babel/traverse@7.27.0 from lock file
npm error Missing: @babel/types@7.27.0 from lock file
npm error Missing: gensync@1.0.0-beta.2 from lock file
npm error Missing: json5@2.2.3 from lock file
npm error Missing: semver@6.3.1 from lock file
npm error Missing: @jridgewell/gen-mapping@0.3.8 from lock file
npm error Missing: @babel/helper-validator-identifier@7.25.9 from lock file
npm error Missing: js-tokens@4.0.0 from lock file
npm error Missing: picocolors@1.1.1 from lock file
npm error Missing: jsesc@3.1.0 from lock file
npm error Missing: @babel/compat-data@7.26.8 from lock file
npm error Missing: @babel/helper-validator-option@7.25.9 from lock file
npm error Missing: browserslist@4.24.4 from lock file
npm error Missing: lru-cache@5.1.1 from lock file
npm error Missing: semver@6.3.1 from lock file
npm error Missing: @babel/helper-module-imports@7.25.9 from lock file
npm error Missing: globals@11.12.0 from lock file
npm error Missing: @babel/helper-string-parser@7.25.9 from lock file
npm error Missing: @jest/schemas@29.6.3 from lock file
npm error Missing: @types/istanbul-reports@3.0.4 from lock file
npm error Missing: @types/yargs@17.0.33 from lock file
npm error Missing: @sinclair/typebox@0.27.8 from lock file
npm error Missing: @jridgewell/set-array@1.2.1 from lock file
npm error Missing: @jridgewell/sourcemap-codec@1.5.0 from lock file
npm error Missing: @jridgewell/resolve-uri@3.1.2 from lock file
npm error Missing: @types/istanbul-lib-report@3.0.3 from lock file
npm error Missing: @types/yargs-parser@21.0.3 from lock file
npm error Missing: type-fest@0.21.3 from lock file
npm error Missing: @babel/helper-plugin-utils@7.26.5 from lock file
npm error Missing: @istanbuljs/load-nyc-config@1.1.0 from lock file
npm error Missing: @istanbuljs/schema@0.1.3 from lock file
npm error Missing: istanbul-lib-instrument@5.2.1 from lock file
npm error Missing: test-exclude@6.0.0 from lock file
npm error Missing: camelcase@5.3.1 from lock file
npm error Missing: find-up@4.1.0 from lock file
npm error Missing: get-package-type@0.1.0 from lock file
npm error Missing: js-yaml@3.14.1 from lock file
npm error Missing: resolve-from@5.0.0 from lock file
npm error Missing: caniuse-lite@1.0.30001713 from lock file
npm error Missing: electron-to-chromium@1.5.136 from lock file
npm error Missing: node-releases@2.0.19 from lock file
npm error Missing: update-browserslist-db@1.1.3 from lock file
npm error Missing: pkg-dir@4.2.0 from lock file
npm error Missing: resolve-cwd@3.0.0 from lock file
npm error Missing: make-dir@4.0.0 from lock file
npm error Missing: source-map@0.6.1 from lock file
npm error Missing: html-escaper@2.0.2 from lock file
npm error Missing: execa@5.1.1 from lock file
npm error Missing: get-stream@6.0.1 from lock file
npm error Missing: human-signals@2.1.0 from lock file
npm error Missing: merge-stream@2.0.0 from lock file
npm error Missing: npm-run-path@4.0.1 from lock file
npm error Missing: onetime@5.1.2 from lock file
npm error Missing: signal-exit@3.0.7 from lock file
npm error Missing: strip-final-newline@2.0.0 from lock file
npm error Missing: create-jest@29.7.0 from lock file
npm error Missing: prompts@2.4.2 from lock file
npm error Missing: @jest/test-sequencer@29.7.0 from lock file
npm error Missing: babel-jest@29.7.0 from lock file
npm error Missing: deepmerge@4.3.1 from lock file
npm error Missing: jest-circus@29.7.0 from lock file
npm error Missing: jest-environment-node@29.7.0 from lock file
npm error Missing: jest-get-type@29.6.3 from lock file
npm error Missing: parse-json@5.2.0 from lock file
npm error Missing: @types/babel__core@7.20.5 from lock file
npm error Missing: babel-preset-jest@29.6.3 from lock file
npm error Missing: @types/babel__generator@7.27.0 from lock file
npm error Missing: @types/babel__template@7.4.4 from lock file
npm error Missing: @types/babel__traverse@7.20.7 from lock file
npm error Missing: babel-plugin-jest-hoist@29.6.3 from lock file
npm error Missing: babel-preset-current-node-syntax@1.1.0 from lock file
npm error Missing: @babel/plugin-syntax-async-generators@7.8.4 from lock file
npm error Missing: @babel/plugin-syntax-bigint@7.8.3 from lock file
npm error Missing: @babel/plugin-syntax-class-properties@7.12.13 from lock file
npm error Missing: @babel/plugin-syntax-class-static-block@7.14.5 from lock file
npm error Missing: @babel/plugin-syntax-import-attributes@7.26.0 from lock file
npm error Missing: @babel/plugin-syntax-import-meta@7.10.4 from lock file
npm error Missing: @babel/plugin-syntax-json-strings@7.8.3 from lock file
npm error Missing: @babel/plugin-syntax-logical-assignment-operators@7.10.4 from lock file
npm error Missing: @babel/plugin-syntax-nullish-coalescing-operator@7.8.3 from lock file
npm error Missing: @babel/plugin-syntax-numeric-separator@7.10.4 from lock file
npm error Missing: @babel/plugin-syntax-object-rest-spread@7.8.3 from lock file
npm error Missing: @babel/plugin-syntax-optional-catch-binding@7.8.3 from lock file
npm error Missing: @babel/plugin-syntax-optional-chaining@7.8.3 from lock file
npm error Missing: @babel/plugin-syntax-private-property-in-object@7.14.5 from lock file
npm error Missing: @babel/plugin-syntax-top-level-await@7.14.5 from lock file
npm error Missing: @jest/environment@29.7.0 from lock file
npm error Missing: @jest/expect@29.7.0 from lock file
npm error Missing: co@4.6.0 from lock file
npm error Missing: dedent@1.5.3 from lock file
npm error Missing: is-generator-fn@2.1.0 from lock file
npm error Missing: jest-each@29.7.0 from lock file
npm error Missing: jest-matcher-utils@29.7.0 from lock file
npm error Missing: pure-rand@6.1.0 from lock file
npm error Missing: stack-utils@2.0.6 from lock file
npm error Missing: @jest/fake-timers@29.7.0 from lock file
npm error Missing: jest-mock@29.7.0 from lock file
npm error Missing: expect@29.7.0 from lock file
npm error Missing: @sinonjs/fake-timers@10.3.0 from lock file
npm error Missing: @sinonjs/commons@3.0.1 from lock file
npm error Missing: type-detect@4.0.8 from lock file
npm error Missing: @jest/expect-utils@29.7.0 from lock file
npm error Missing: @types/graceful-fs@4.1.9 from lock file
npm error Missing: anymatch@3.1.3 from lock file
npm error Missing: fb-watchman@2.0.2 from lock file
npm error Missing: fsevents@2.3.3 from lock file
npm error Missing: walker@1.0.8 from lock file
npm error Missing: normalize-path@3.0.0 from lock file
npm error Missing: picomatch@2.3.1 from lock file
npm error Missing: bser@2.1.1 from lock file
npm error Missing: node-int64@0.4.0 from lock file
npm error Missing: jest-diff@29.7.0 from lock file
npm error Missing: diff-sequences@29.6.3 from lock file
npm error Missing: @types/stack-utils@2.0.3 from lock file
npm error Missing: jest-pnp-resolver@1.2.3 from lock file
npm error Missing: resolve@1.22.10 from lock file
npm error Missing: resolve.exports@2.0.3 from lock file
npm error Missing: emittery@0.13.1 from lock file
npm error Missing: jest-docblock@29.7.0 from lock file
npm error Missing: jest-leak-detector@29.7.0 from lock file
npm error Missing: source-map-support@0.5.13 from lock file
npm error Missing: detect-newline@3.1.0 from lock file
npm error Missing: @jest/globals@29.7.0 from lock file
npm error Missing: @jest/source-map@29.6.3 from lock file
npm error Missing: cjs-module-lexer@1.4.3 from lock file
npm error Missing: strip-bom@4.0.0 from lock file
npm error Missing: @babel/plugin-syntax-jsx@7.25.9 from lock file
npm error Missing: @babel/plugin-syntax-typescript@7.25.9 from lock file
npm error Missing: camelcase@6.3.0 from lock file
npm error Missing: leven@3.1.0 from lock file
npm error Missing: supports-color@8.1.1 from lock file
npm error Missing: braces@3.0.3 from lock file
npm error Missing: fill-range@7.1.1 from lock file
npm error Missing: to-regex-range@5.0.1 from lock file
npm error Missing: mimic-fn@2.1.0 from lock file
npm error Missing: error-ex@1.3.2 from lock file
npm error Missing: json-parse-even-better-errors@2.3.1 from lock file
npm error Missing: lines-and-columns@1.2.4 from lock file
npm error Missing: is-arrayish@0.2.1 from lock file
npm error Missing: find-up@4.1.0 from lock file
npm error Missing: ansi-styles@5.2.0 from lock file
npm error Missing: react-is@18.3.1 from lock file
npm error Missing: kleur@3.0.3 from lock file
npm error Missing: sisteransi@1.0.5 from lock file
npm error Missing: is-core-module@2.16.1 from lock file
npm error Missing: path-parse@1.0.7 from lock file
npm error Missing: supports-preserve-symlinks-flag@1.0.0 from lock file
npm error Missing: resolve-from@5.0.0 from lock file
npm error Missing: buffer-from@1.1.2 from lock file
npm error Missing: escape-string-regexp@2.0.0 from lock file
npm error Missing: char-regex@1.0.2 from lock file
npm error Missing: is-number@7.0.0 from lock file
npm error Missing: makeerror@1.0.12 from lock file
npm error Missing: tmpl@1.0.5 from lock file
npm error Missing: yallist@3.1.1 from lock file
npm error Missing: locate-path@5.0.0 from lock file
npm error Missing: argparse@1.0.10 from lock file
npm error Missing: esprima@4.0.1 from lock file
npm error Missing: sprintf-js@1.0.3 from lock file
npm error Missing: p-locate@4.1.0 from lock file
npm error Missing: p-limit@2.3.0 from lock file
npm error Missing: p-try@2.2.0 from lock file
npm error Missing: semver@6.3.1 from lock file
npm error Missing: locate-path@5.0.0 from lock file
npm error Missing: p-locate@4.1.0 from lock file
npm error Missing: p-limit@2.3.0 from lock file
npm error
npm error Clean install a project
npm error
npm error Usage:
npm error npm ci
npm error
npm error Options:
npm error [--install-strategy <hoisted|nested|shallow|linked>] [--legacy-bundling]
npm error [--global-style] [--omit <dev|optional|peer> [--omit <dev|optional|peer> ...]]
npm error [--include <prod|dev|optional|peer> [--include <prod|dev|optional|peer> ...]]
npm error [--strict-peer-deps] [--foreground-scripts] [--ignore-scripts] [--no-audit]
npm error [--no-bin-links] [--no-fund] [--dry-run]
npm error [-w|--workspace <workspace-name> [-w|--workspace <workspace-name> ...]]
npm error [-ws|--workspaces] [--include-workspace-root] [--install-links]
npm error
npm error aliases: clean-install, ic, install-clean, isntall-clean
npm error
npm error Run "npm help ci" for more info
npm error A complete log of this run can be found in: /www-data-home/.npm/_logs/2025-04-11T22_21_27_525Z-debug-0.log. For more details see the logs at https://console.cloud.google.com/cloud-build/builds;region=asia-northeast1/c67222af-8cad-492c-83be-e802a6d0c201?project=757611015224.
[debug] [2025-04-11T22:22:07.989Z] Total Function Deployment time: 121990
[debug] [2025-04-11T22:22:07.989Z] 4 Functions Deployed
[debug] [2025-04-11T22:22:07.990Z] 2 Functions Errored
[debug] [2025-04-11T22:22:07.990Z] 0 Function Deployments Aborted
[debug] [2025-04-11T22:22:07.990Z] Average Function Deployment time: 47806.5
[info] 
[info] Functions deploy had errors with the following functions:
	api(asia-northeast1)
	webhook(asia-northeast1)
[debug] [2025-04-11T22:22:08.165Z] Not printing URL for HTTPS function. Typically this means it didn't match a filter or we failed deployment
[debug] [2025-04-11T22:22:08.165Z] Not printing URL for HTTPS function. Typically this means it didn't match a filter or we failed deployment
[debug] [2025-04-11T22:22:08.166Z] Checked if tokens are valid: true, expires at: 1744413549193
[debug] [2025-04-11T22:22:08.166Z] Checked if tokens are valid: true, expires at: 1744413549193
[debug] [2025-04-11T22:22:08.166Z] >>> [apiv2][query] GET https://artifactregistry.googleapis.com/v1/projects/inuichiba-ffprod/locations/asia-northeast1/repositories/gcf-artifacts [none]
[debug] [2025-04-11T22:22:08.673Z] <<< [apiv2][status] GET https://artifactregistry.googleapis.com/v1/projects/inuichiba-ffprod/locations/asia-northeast1/repositories/gcf-artifacts 200
[debug] [2025-04-11T22:22:08.673Z] <<< [apiv2][body] GET https://artifactregistry.googleapis.com/v1/projects/inuichiba-ffprod/locations/asia-northeast1/repositories/gcf-artifacts {"name":"projects/inuichiba-ffprod/locations/asia-northeast1/repositories/gcf-artifacts","format":"DOCKER","description":"This repository is created and used by Cloud Functions for storing function docker images.","labels":{"goog-managed-by":"cloudfunctions"},"createTime":"2025-04-11T22:20:18.435004Z","updateTime":"2025-04-11T22:20:18.435004Z","mode":"STANDARD_REPOSITORY","vulnerabilityScanningConfig":{"lastEnableTime":"2025-04-11T22:20:08.009518336Z","enablementState":"SCANNING_DISABLED","enablementStateReason":"API containerscanning.googleapis.com is not enabled."},"satisfiesPzi":true,"registryUri":"asia-northeast1-docker.pkg.dev/inuichiba-ffprod/gcf-artifacts"}
[warn] !  functions: No cleanup policy detected for repositories in asia-northeast1. This may result in a small monthly bill as container images accumulate over time. 
[info] i  functions: Configuring cleanup policy for repository in asia-northeast1. Images older than 1 days will be automatically deleted. 
[debug] [2025-04-11T22:22:20.218Z] Setting up artifact cleanup policy for region asia-northeast1
[debug] [2025-04-11T22:22:20.220Z] Checked if tokens are valid: true, expires at: 1744413549193
[debug] [2025-04-11T22:22:20.220Z] Checked if tokens are valid: true, expires at: 1744413549193
[debug] [2025-04-11T22:22:20.221Z] >>> [apiv2][query] PATCH https://artifactregistry.googleapis.com/v1/projects/inuichiba-ffprod/locations/asia-northeast1/repositories/gcf-artifacts updateMask=name%2CcleanupPolicies%2Clabels
[debug] [2025-04-11T22:22:20.221Z] >>> [apiv2][body] PATCH https://artifactregistry.googleapis.com/v1/projects/inuichiba-ffprod/locations/asia-northeast1/repositories/gcf-artifacts {"name":"projects/inuichiba-ffprod/locations/asia-northeast1/repositories/gcf-artifacts","cleanupPolicies":{"firebase-functions-cleanup":{"id":"firebase-functions-cleanup","condition":{"tagState":"ANY","olderThan":"86400s"},"action":"DELETE"}},"labels":{"goog-managed-by":"cloudfunctions"}}
[debug] [2025-04-11T22:22:20.688Z] <<< [apiv2][status] PATCH https://artifactregistry.googleapis.com/v1/projects/inuichiba-ffprod/locations/asia-northeast1/repositories/gcf-artifacts 200
[debug] [2025-04-11T22:22:20.688Z] <<< [apiv2][body] PATCH https://artifactregistry.googleapis.com/v1/projects/inuichiba-ffprod/locations/asia-northeast1/repositories/gcf-artifacts {"name":"projects/inuichiba-ffprod/locations/asia-northeast1/repositories/gcf-artifacts","format":"DOCKER","description":"This repository is created and used by Cloud Functions for storing function docker images.","labels":{"goog-managed-by":"cloudfunctions"},"createTime":"2025-04-11T22:20:18.435004Z","updateTime":"2025-04-11T22:22:19.809485Z","mode":"STANDARD_REPOSITORY","cleanupPolicies":{"firebase-functions-cleanup":{"id":"firebase-functions-cleanup","action":"DELETE","condition":{"tagState":"ANY","olderThan":"86400s"}}},"vulnerabilityScanningConfig":{"lastEnableTime":"2025-04-11T22:20:08.009518336Z","enablementState":"SCANNING_DISABLED","enablementStateReason":"API containerscanning.googleapis.com is not enabled."},"satisfiesPzi":true}
[info] i  functions: Configured cleanup policy for repository in asia-northeast1. 
[debug] [2025-04-11T22:22:20.689Z] Functions deploy failed.
[debug] [2025-04-11T22:22:20.690Z] {
  "endpoint": {
    "id": "webhook",
    "project": "inuichiba-ffprod",
    "region": "asia-northeast1",
    "entryPoint": "webhook",
    "platform": "gcfv2",
    "runtime": "nodejs22",
    "httpsTrigger": {},
    "labels": {
      "deployment-tool": "cli-firebase"
    },
    "secretEnvironmentVariables": [
      {
        "key": "NODE_ENV",
        "secret": "NODE_ENV",
        "projectId": "inuichiba-ffprod",
        "version": "2"
      }
    ],
    "serviceAccount": null,
    "ingressSettings": null,
    "availableMemoryMb": null,
    "timeoutSeconds": null,
    "maxInstances": null,
    "minInstances": null,
    "concurrency": 80,
    "vpc": null,
    "environmentVariables": {
      "CHANNEL_ACCESS_TOKEN_PROD": "/0/AD5jmDpc4mgJ3/XCZ7nH28vnxRRhddsMnE9DJV6fo7Iod3vvBwSF7v9utHEInCzZcjkDLFGE3LYZB2Q/PZEjtJSOm0sn8a7Bcu/v6DHdbx/cHkjdv6oWRmcToLKPYZmh1gEcSjHr0A/rSTxhmbAdB04t89/1O/w1cDnyilFU=",
      "CHANNEL_SECRET_PROD": "cf9472531e498e75d65cc0b396436dec",
      "SUPABASE_URL": "https://ollbklkdnzonbxopfwqk.supabase.co",
      "SUPABASE_SERVICE_ROLE_KEY_PROD": "eyJhbGciOiJIUzI1NiIsInR5cCI6IkpXVCJ9.eyJpc3MiOiJzdXBhYmFzZSIsInJlZiI6Im9sbGJrbGtkbnpvbmJ4b3Bmd3FrIiwicm9sZSI6InNlcnZpY2Vfcm9sZSIsImlhdCI6MTc0MzI5MjYzMCwiZXhwIjoyMDU4ODY4NjMwfQ.U6bDiuPz1uDcFe_ELHrEgv8a12eKYpLXAucR6DrV7Fs",
      "SUPABASE_TABLE_NAME_PROD": "users_ffprod",
      "MY_LINE_USER_ID": "Ubabd65c8e4933322c46374c435c82a7b",
      "TARGET_MENU_NAME": "タブＡ(左側メニュー)2025秋",
      "FIREBASE_CONFIG": "{\"projectId\":\"inuichiba-ffprod\",\"storageBucket\":\"inuichiba-ffprod.firebasestorage.app\"}",
      "GCLOUD_PROJECT": "inuichiba-ffprod",
      "EVENTARC_CLOUD_EVENT_SOURCE": "projects/inuichiba-ffprod/locations/asia-northeast1/services/webhook"
    },
    "codebase": "default",
    "cpu": 1,
    "targetedByOnly": false,
    "hash": "d80304f55d6ed59f87a10d6cdfc4215986442250"
  },
  "op": "create",
  "original": {
    "name": "FirebaseError",
    "children": [],
    "exit": 1,
    "message": "Build failed with status: FAILURE and message: npm error code EUSAGE\nnpm error\nnpm error `npm ci` can only install packages when your package.json and package-lock.json or npm-shrinkwrap.json are in sync. Please update your lock file with `npm install` before continuing.\nnpm error\nnpm error Missing: jest@29.7.0 from lock file\nnpm error Missing: @jest/core@29.7.0 from lock file\nnpm error Missing: @jest/types@29.6.3 from lock file\nnpm error Missing: import-local@3.2.0 from lock file\nnpm error Missing: jest-cli@29.7.0 from lock file\nnpm error Missing: @jest/console@29.7.0 from lock file\nnpm error Missing: @jest/reporters@29.7.0 from lock file\nnpm error Missing: @jest/test-result@29.7.0 from lock file\nnpm error Missing: @jest/transform@29.7.0 from lock file\nnpm error Missing: ansi-escapes@4.3.2 from lock file\nnpm error Missing: ci-info@3.9.0 from lock file\nnpm error Missing: exit@0.1.2 from lock file\nnpm error Missing: graceful-fs@4.2.11 from lock file\nnpm error Missing: jest-changed-files@29.7.0 from lock file\nnpm error Missing: jest-config@29.7.0 from lock file\nnpm error Missing: jest-haste-map@29.7.0 from lock file\nnpm error Missing: jest-message-util@29.7.0 from lock file\nnpm error Missing: jest-regex-util@29.6.3 from lock file\nnpm error Missing: jest-resolve@29.7.0 from lock file\nnpm error Missing: jest-resolve-dependencies@29.7.0 from lock file\nnpm error Missing: jest-runner@29.7.0 from lock file\nnpm error Missing: jest-runtime@29.7.0 from lock file\nnpm error Missing: jest-snapshot@29.7.0 from lock file\nnpm error Missing: jest-util@29.7.0 from lock file\nnpm error Missing: jest-validate@29.7.0 from lock file\nnpm error Missing: jest-watcher@29.7.0 from lock file\nnpm error Missing: micromatch@4.0.8 from lock file\nnpm error Missing: pretty-format@29.7.0 from lock file\nnpm error Missing: slash@3.0.0 from lock file\nnpm error Missing: @bcoe/v8-coverage@0.2.3 from lock file\nnpm error Missing: @jridgewell/trace-mapping@0.3.25 from lock file\nnpm error Missing: collect-v8-coverage@1.0.2 from lock file\nnpm error Missing: istanbul-lib-coverage@3.2.2 from lock file\nnpm error Missing: istanbul-lib-instrument@6.0.3 from lock file\nnpm error Missing: istanbul-lib-report@3.0.1 from lock file\nnpm error Missing: istanbul-lib-source-maps@4.0.1 from lock file\nnpm error Missing: istanbul-reports@3.1.7 from lock file\nnpm error Missing: jest-worker@29.7.0 from lock file\nnpm error Missing: string-length@4.0.2 from lock file\nnpm error Missing: v8-to-istanbul@9.3.0 from lock file\nnpm error Missing: @types/istanbul-lib-coverage@2.0.6 from lock file\nnpm error Missing: @babel/core@7.26.10 from lock file\nnpm error Missing: babel-plugin-istanbul@6.1.1 from lock file\nnpm error Missing: convert-source-map@2.0.0 from lock file\nnpm error Missing: pirates@4.0.7 from lock file\nnpm error Missing: write-file-atomic@4.0.2 from lock file\nnpm error Missing: @ampproject/remapping@2.3.0 from lock file\nnpm error Missing: @babel/code-frame@7.26.2 from lock file\nnpm error Missing: @babel/generator@7.27.0 from lock file\nnpm error Missing: @babel/helper-compilation-targets@7.27.0 from lock file\nnpm error Missing: @babel/helper-module-transforms@7.26.0 from lock file\nnpm error Missing: @babel/helpers@7.27.0 from lock file\nnpm error Missing: @babel/parser@7.27.0 from lock file\nnpm error Missing: @babel/template@7.27.0 from lock file\nnpm error Missing: @babel/traverse@7.27.0 from lock file\nnpm error Missing: @babel/types@7.27.0 from lock file\nnpm error Missing: gensync@1.0.0-beta.2 from lock file\nnpm error Missing: json5@2.2.3 from lock file\nnpm error Missing: semver@6.3.1 from lock file\nnpm error Missing: @jridgewell/gen-mapping@0.3.8 from lock file\nnpm error Missing: @babel/helper-validator-identifier@7.25.9 from lock file\nnpm error Missing: js-tokens@4.0.0 from lock file\nnpm error Missing: picocolors@1.1.1 from lock file\nnpm error Missing: jsesc@3.1.0 from lock file\nnpm error Missing: @babel/compat-data@7.26.8 from lock file\nnpm error Missing: @babel/helper-validator-option@7.25.9 from lock file\nnpm error Missing: browserslist@4.24.4 from lock file\nnpm error Missing: lru-cache@5.1.1 from lock file\nnpm error Missing: semver@6.3.1 from lock file\nnpm error Missing: @babel/helper-module-imports@7.25.9 from lock file\nnpm error Missing: globals@11.12.0 from lock file\nnpm error Missing: @babel/helper-string-parser@7.25.9 from lock file\nnpm error Missing: @jest/schemas@29.6.3 from lock file\nnpm error Missing: @types/istanbul-reports@3.0.4 from lock file\nnpm error Missing: @types/yargs@17.0.33 from lock file\nnpm error Missing: @sinclair/typebox@0.27.8 from lock file\nnpm error Missing: @jridgewell/set-array@1.2.1 from lock file\nnpm error Missing: @jridgewell/sourcemap-codec@1.5.0 from lock file\nnpm error Missing: @jridgewell/resolve-uri@3.1.2 from lock file\nnpm error Missing: @types/istanbul-lib-report@3.0.3 from lock file\nnpm error Missing: @types/yargs-parser@21.0.3 from lock file\nnpm error Missing: type-fest@0.21.3 from lock file\nnpm error Missing: @babel/helper-plugin-utils@7.26.5 from lock file\nnpm error Missing: @istanbuljs/load-nyc-config@1.1.0 from lock file\nnpm error Missing: @istanbuljs/schema@0.1.3 from lock file\nnpm error Missing: istanbul-lib-instrument@5.2.1 from lock file\nnpm error Missing: test-exclude@6.0.0 from lock file\nnpm error Missing: camelcase@5.3.1 from lock file\nnpm error Missing: find-up@4.1.0 from lock file\nnpm error Missing: get-package-type@0.1.0 from lock file\nnpm error Missing: js-yaml@3.14.1 from lock file\nnpm error Missing: resolve-from@5.0.0 from lock file\nnpm error Missing: caniuse-lite@1.0.30001713 from lock file\nnpm error Missing: electron-to-chromium@1.5.136 from lock file\nnpm error Missing: node-releases@2.0.19 from lock file\nnpm error Missing: update-browserslist-db@1.1.3 from lock file\nnpm error Missing: pkg-dir@4.2.0 from lock file\nnpm error Missing: resolve-cwd@3.0.0 from lock file\nnpm error Missing: make-dir@4.0.0 from lock file\nnpm error Missing: source-map@0.6.1 from lock file\nnpm error Missing: html-escaper@2.0.2 from lock file\nnpm error Missing: execa@5.1.1 from lock file\nnpm error Missing: get-stream@6.0.1 from lock file\nnpm error Missing: human-signals@2.1.0 from lock file\nnpm error Missing: merge-stream@2.0.0 from lock file\nnpm error Missing: npm-run-path@4.0.1 from lock file\nnpm error Missing: onetime@5.1.2 from lock file\nnpm error Missing: signal-exit@3.0.7 from lock file\nnpm error Missing: strip-final-newline@2.0.0 from lock file\nnpm error Missing: create-jest@29.7.0 from lock file\nnpm error Missing: prompts@2.4.2 from lock file\nnpm error Missing: @jest/test-sequencer@29.7.0 from lock file\nnpm error Missing: babel-jest@29.7.0 from lock file\nnpm error Missing: deepmerge@4.3.1 from lock file\nnpm error Missing: jest-circus@29.7.0 from lock file\nnpm error Missing: jest-environment-node@29.7.0 from lock file\nnpm error Missing: jest-get-type@29.6.3 from lock file\nnpm error Missing: parse-json@5.2.0 from lock file\nnpm error Missing: @types/babel__core@7.20.5 from lock file\nnpm error Missing: babel-preset-jest@29.6.3 from lock file\nnpm error Missing: @types/babel__generator@7.27.0 from lock file\nnpm error Missing: @types/babel__template@7.4.4 from lock file\nnpm error Missing: @types/babel__traverse@7.20.7 from lock file\nnpm error Missing: babel-plugin-jest-hoist@29.6.3 from lock file\nnpm error Missing: babel-preset-current-node-syntax@1.1.0 from lock file\nnpm error Missing: @babel/plugin-syntax-async-generators@7.8.4 from lock file\nnpm error Missing: @babel/plugin-syntax-bigint@7.8.3 from lock file\nnpm error Missing: @babel/plugin-syntax-class-properties@7.12.13 from lock file\nnpm error Missing: @babel/plugin-syntax-class-static-block@7.14.5 from lock file\nnpm error Missing: @babel/plugin-syntax-import-attributes@7.26.0 from lock file\nnpm error Missing: @babel/plugin-syntax-import-meta@7.10.4 from lock file\nnpm error Missing: @babel/plugin-syntax-json-strings@7.8.3 from lock file\nnpm error Missing: @babel/plugin-syntax-logical-assignment-operators@7.10.4 from lock file\nnpm error Missing: @babel/plugin-syntax-nullish-coalescing-operator@7.8.3 from lock file\nnpm error Missing: @babel/plugin-syntax-numeric-separator@7.10.4 from lock file\nnpm error Missing: @babel/plugin-syntax-object-rest-spread@7.8.3 from lock file\nnpm error Missing: @babel/plugin-syntax-optional-catch-binding@7.8.3 from lock file\nnpm error Missing: @babel/plugin-syntax-optional-chaining@7.8.3 from lock file\nnpm error Missing: @babel/plugin-syntax-private-property-in-object@7.14.5 from lock file\nnpm error Missing: @babel/plugin-syntax-top-level-await@7.14.5 from lock file\nnpm error Missing: @jest/environment@29.7.0 from lock file\nnpm error Missing: @jest/expect@29.7.0 from lock file\nnpm error Missing: co@4.6.0 from lock file\nnpm error Missing: dedent@1.5.3 from lock file\nnpm error Missing: is-generator-fn@2.1.0 from lock file\nnpm error Missing: jest-each@29.7.0 from lock file\nnpm error Missing: jest-matcher-utils@29.7.0 from lock file\nnpm error Missing: pure-rand@6.1.0 from lock file\nnpm error Missing: stack-utils@2.0.6 from lock file\nnpm error Missing: @jest/fake-timers@29.7.0 from lock file\nnpm error Missing: jest-mock@29.7.0 from lock file\nnpm error Missing: expect@29.7.0 from lock file\nnpm error Missing: @sinonjs/fake-timers@10.3.0 from lock file\nnpm error Missing: @sinonjs/commons@3.0.1 from lock file\nnpm error Missing: type-detect@4.0.8 from lock file\nnpm error Missing: @jest/expect-utils@29.7.0 from lock file\nnpm error Missing: @types/graceful-fs@4.1.9 from lock file\nnpm error Missing: anymatch@3.1.3 from lock file\nnpm error Missing: fb-watchman@2.0.2 from lock file\nnpm error Missing: fsevents@2.3.3 from lock file\nnpm error Missing: walker@1.0.8 from lock file\nnpm error Missing: normalize-path@3.0.0 from lock file\nnpm error Missing: picomatch@2.3.1 from lock file\nnpm error Missing: bser@2.1.1 from lock file\nnpm error Missing: node-int64@0.4.0 from lock file\nnpm error Missing: jest-diff@29.7.0 from lock file\nnpm error Missing: diff-sequences@29.6.3 from lock file\nnpm error Missing: @types/stack-utils@2.0.3 from lock file\nnpm error Missing: jest-pnp-resolver@1.2.3 from lock file\nnpm error Missing: resolve@1.22.10 from lock file\nnpm error Missing: resolve.exports@2.0.3 from lock file\nnpm error Missing: emittery@0.13.1 from lock file\nnpm error Missing: jest-docblock@29.7.0 from lock file\nnpm error Missing: jest-leak-detector@29.7.0 from lock file\nnpm error Missing: source-map-support@0.5.13 from lock file\nnpm error Missing: detect-newline@3.1.0 from lock file\nnpm error Missing: @jest/globals@29.7.0 from lock file\nnpm error Missing: @jest/source-map@29.6.3 from lock file\nnpm error Missing: cjs-module-lexer@1.4.3 from lock file\nnpm error Missing: strip-bom@4.0.0 from lock file\nnpm error Missing: @babel/plugin-syntax-jsx@7.25.9 from lock file\nnpm error Missing: @babel/plugin-syntax-typescript@7.25.9 from lock file\nnpm error Missing: camelcase@6.3.0 from lock file\nnpm error Missing: leven@3.1.0 from lock file\nnpm error Missing: supports-color@8.1.1 from lock file\nnpm error Missing: braces@3.0.3 from lock file\nnpm error Missing: fill-range@7.1.1 from lock file\nnpm error Missing: to-regex-range@5.0.1 from lock file\nnpm error Missing: mimic-fn@2.1.0 from lock file\nnpm error Missing: error-ex@1.3.2 from lock file\nnpm error Missing: json-parse-even-better-errors@2.3.1 from lock file\nnpm error Missing: lines-and-columns@1.2.4 from lock file\nnpm error Missing: is-arrayish@0.2.1 from lock file\nnpm error Missing: find-up@4.1.0 from lock file\nnpm error Missing: ansi-styles@5.2.0 from lock file\nnpm error Missing: react-is@18.3.1 from lock file\nnpm error Missing: kleur@3.0.3 from lock file\nnpm error Missing: sisteransi@1.0.5 from lock file\nnpm error Missing: is-core-module@2.16.1 from lock file\nnpm error Missing: path-parse@1.0.7 from lock file\nnpm error Missing: supports-preserve-symlinks-flag@1.0.0 from lock file\nnpm error Missing: resolve-from@5.0.0 from lock file\nnpm error Missing: buffer-from@1.1.2 from lock file\nnpm error Missing: escape-string-regexp@2.0.0 from lock file\nnpm error Missing: char-regex@1.0.2 from lock file\nnpm error Missing: is-number@7.0.0 from lock file\nnpm error Missing: makeerror@1.0.12 from lock file\nnpm error Missing: tmpl@1.0.5 from lock file\nnpm error Missing: yallist@3.1.1 from lock file\nnpm error Missing: locate-path@5.0.0 from lock file\nnpm error Missing: argparse@1.0.10 from lock file\nnpm error Missing: esprima@4.0.1 from lock file\nnpm error Missing: sprintf-js@1.0.3 from lock file\nnpm error Missing: p-locate@4.1.0 from lock file\nnpm error Missing: p-limit@2.3.0 from lock file\nnpm error Missing: p-try@2.2.0 from lock file\nnpm error Missing: semver@6.3.1 from lock file\nnpm error Missing: locate-path@5.0.0 from lock file\nnpm error Missing: p-locate@4.1.0 from lock file\nnpm error Missing: p-limit@2.3.0 from lock file\nnpm error\nnpm error Clean install a project\nnpm error\nnpm error Usage:\nnpm error npm ci\nnpm error\nnpm error Options:\nnpm error [--install-strategy <hoisted|nested|shallow|linked>] [--legacy-bundling]\nnpm error [--global-style] [--omit <dev|optional|peer> [--omit <dev|optional|peer> ...]]\nnpm error [--include <prod|dev|optional|peer> [--include <prod|dev|optional|peer> ...]]\nnpm error [--strict-peer-deps] [--foreground-scripts] [--ignore-scripts] [--no-audit]\nnpm error [--no-bin-links] [--no-fund] [--dry-run]\nnpm error [-w|--workspace <workspace-name> [-w|--workspace <workspace-name> ...]]\nnpm error [-ws|--workspaces] [--include-workspace-root] [--install-links]\nnpm error\nnpm error aliases: clean-install, ic, install-clean, isntall-clean\nnpm error\nnpm error Run \"npm help ci\" for more info\nnpm error A complete log of this run can be found in: /www-data-home/.npm/_logs/2025-04-11T22_20_38_490Z-debug-0.log. For more details see the logs at https://console.cloud.google.com/cloud-build/builds;region=asia-northeast1/fcb915d5-0968-40cf-88c2-745e83231f07?project=757611015224.",
    "original": {
      "code": 3,
      "message": "Build failed with status: FAILURE and message: npm error code EUSAGE\nnpm error\nnpm error `npm ci` can only install packages when your package.json and package-lock.json or npm-shrinkwrap.json are in sync. Please update your lock file with `npm install` before continuing.\nnpm error\nnpm error Missing: jest@29.7.0 from lock file\nnpm error Missing: @jest/core@29.7.0 from lock file\nnpm error Missing: @jest/types@29.6.3 from lock file\nnpm error Missing: import-local@3.2.0 from lock file\nnpm error Missing: jest-cli@29.7.0 from lock file\nnpm error Missing: @jest/console@29.7.0 from lock file\nnpm error Missing: @jest/reporters@29.7.0 from lock file\nnpm error Missing: @jest/test-result@29.7.0 from lock file\nnpm error Missing: @jest/transform@29.7.0 from lock file\nnpm error Missing: ansi-escapes@4.3.2 from lock file\nnpm error Missing: ci-info@3.9.0 from lock file\nnpm error Missing: exit@0.1.2 from lock file\nnpm error Missing: graceful-fs@4.2.11 from lock file\nnpm error Missing: jest-changed-files@29.7.0 from lock file\nnpm error Missing: jest-config@29.7.0 from lock file\nnpm error Missing: jest-haste-map@29.7.0 from lock file\nnpm error Missing: jest-message-util@29.7.0 from lock file\nnpm error Missing: jest-regex-util@29.6.3 from lock file\nnpm error Missing: jest-resolve@29.7.0 from lock file\nnpm error Missing: jest-resolve-dependencies@29.7.0 from lock file\nnpm error Missing: jest-runner@29.7.0 from lock file\nnpm error Missing: jest-runtime@29.7.0 from lock file\nnpm error Missing: jest-snapshot@29.7.0 from lock file\nnpm error Missing: jest-util@29.7.0 from lock file\nnpm error Missing: jest-validate@29.7.0 from lock file\nnpm error Missing: jest-watcher@29.7.0 from lock file\nnpm error Missing: micromatch@4.0.8 from lock file\nnpm error Missing: pretty-format@29.7.0 from lock file\nnpm error Missing: slash@3.0.0 from lock file\nnpm error Missing: @bcoe/v8-coverage@0.2.3 from lock file\nnpm error Missing: @jridgewell/trace-mapping@0.3.25 from lock file\nnpm error Missing: collect-v8-coverage@1.0.2 from lock file\nnpm error Missing: istanbul-lib-coverage@3.2.2 from lock file\nnpm error Missing: istanbul-lib-instrument@6.0.3 from lock file\nnpm error Missing: istanbul-lib-report@3.0.1 from lock file\nnpm error Missing: istanbul-lib-source-maps@4.0.1 from lock file\nnpm error Missing: istanbul-reports@3.1.7 from lock file\nnpm error Missing: jest-worker@29.7.0 from lock file\nnpm error Missing: string-length@4.0.2 from lock file\nnpm error Missing: v8-to-istanbul@9.3.0 from lock file\nnpm error Missing: @types/istanbul-lib-coverage@2.0.6 from lock file\nnpm error Missing: @babel/core@7.26.10 from lock file\nnpm error Missing: babel-plugin-istanbul@6.1.1 from lock file\nnpm error Missing: convert-source-map@2.0.0 from lock file\nnpm error Missing: pirates@4.0.7 from lock file\nnpm error Missing: write-file-atomic@4.0.2 from lock file\nnpm error Missing: @ampproject/remapping@2.3.0 from lock file\nnpm error Missing: @babel/code-frame@7.26.2 from lock file\nnpm error Missing: @babel/generator@7.27.0 from lock file\nnpm error Missing: @babel/helper-compilation-targets@7.27.0 from lock file\nnpm error Missing: @babel/helper-module-transforms@7.26.0 from lock file\nnpm error Missing: @babel/helpers@7.27.0 from lock file\nnpm error Missing: @babel/parser@7.27.0 from lock file\nnpm error Missing: @babel/template@7.27.0 from lock file\nnpm error Missing: @babel/traverse@7.27.0 from lock file\nnpm error Missing: @babel/types@7.27.0 from lock file\nnpm error Missing: gensync@1.0.0-beta.2 from lock file\nnpm error Missing: json5@2.2.3 from lock file\nnpm error Missing: semver@6.3.1 from lock file\nnpm error Missing: @jridgewell/gen-mapping@0.3.8 from lock file\nnpm error Missing: @babel/helper-validator-identifier@7.25.9 from lock file\nnpm error Missing: js-tokens@4.0.0 from lock file\nnpm error Missing: picocolors@1.1.1 from lock file\nnpm error Missing: jsesc@3.1.0 from lock file\nnpm error Missing: @babel/compat-data@7.26.8 from lock file\nnpm error Missing: @babel/helper-validator-option@7.25.9 from lock file\nnpm error Missing: browserslist@4.24.4 from lock file\nnpm error Missing: lru-cache@5.1.1 from lock file\nnpm error Missing: semver@6.3.1 from lock file\nnpm error Missing: @babel/helper-module-imports@7.25.9 from lock file\nnpm error Missing: globals@11.12.0 from lock file\nnpm error Missing: @babel/helper-string-parser@7.25.9 from lock file\nnpm error Missing: @jest/schemas@29.6.3 from lock file\nnpm error Missing: @types/istanbul-reports@3.0.4 from lock file\nnpm error Missing: @types/yargs@17.0.33 from lock file\nnpm error Missing: @sinclair/typebox@0.27.8 from lock file\nnpm error Missing: @jridgewell/set-array@1.2.1 from lock file\nnpm error Missing: @jridgewell/sourcemap-codec@1.5.0 from lock file\nnpm error Missing: @jridgewell/resolve-uri@3.1.2 from lock file\nnpm error Missing: @types/istanbul-lib-report@3.0.3 from lock file\nnpm error Missing: @types/yargs-parser@21.0.3 from lock file\nnpm error Missing: type-fest@0.21.3 from lock file\nnpm error Missing: @babel/helper-plugin-utils@7.26.5 from lock file\nnpm error Missing: @istanbuljs/load-nyc-config@1.1.0 from lock file\nnpm error Missing: @istanbuljs/schema@0.1.3 from lock file\nnpm error Missing: istanbul-lib-instrument@5.2.1 from lock file\nnpm error Missing: test-exclude@6.0.0 from lock file\nnpm error Missing: camelcase@5.3.1 from lock file\nnpm error Missing: find-up@4.1.0 from lock file\nnpm error Missing: get-package-type@0.1.0 from lock file\nnpm error Missing: js-yaml@3.14.1 from lock file\nnpm error Missing: resolve-from@5.0.0 from lock file\nnpm error Missing: caniuse-lite@1.0.30001713 from lock file\nnpm error Missing: electron-to-chromium@1.5.136 from lock file\nnpm error Missing: node-releases@2.0.19 from lock file\nnpm error Missing: update-browserslist-db@1.1.3 from lock file\nnpm error Missing: pkg-dir@4.2.0 from lock file\nnpm error Missing: resolve-cwd@3.0.0 from lock file\nnpm error Missing: make-dir@4.0.0 from lock file\nnpm error Missing: source-map@0.6.1 from lock file\nnpm error Missing: html-escaper@2.0.2 from lock file\nnpm error Missing: execa@5.1.1 from lock file\nnpm error Missing: get-stream@6.0.1 from lock file\nnpm error Missing: human-signals@2.1.0 from lock file\nnpm error Missing: merge-stream@2.0.0 from lock file\nnpm error Missing: npm-run-path@4.0.1 from lock file\nnpm error Missing: onetime@5.1.2 from lock file\nnpm error Missing: signal-exit@3.0.7 from lock file\nnpm error Missing: strip-final-newline@2.0.0 from lock file\nnpm error Missing: create-jest@29.7.0 from lock file\nnpm error Missing: prompts@2.4.2 from lock file\nnpm error Missing: @jest/test-sequencer@29.7.0 from lock file\nnpm error Missing: babel-jest@29.7.0 from lock file\nnpm error Missing: deepmerge@4.3.1 from lock file\nnpm error Missing: jest-circus@29.7.0 from lock file\nnpm error Missing: jest-environment-node@29.7.0 from lock file\nnpm error Missing: jest-get-type@29.6.3 from lock file\nnpm error Missing: parse-json@5.2.0 from lock file\nnpm error Missing: @types/babel__core@7.20.5 from lock file\nnpm error Missing: babel-preset-jest@29.6.3 from lock file\nnpm error Missing: @types/babel__generator@7.27.0 from lock file\nnpm error Missing: @types/babel__template@7.4.4 from lock file\nnpm error Missing: @types/babel__traverse@7.20.7 from lock file\nnpm error Missing: babel-plugin-jest-hoist@29.6.3 from lock file\nnpm error Missing: babel-preset-current-node-syntax@1.1.0 from lock file\nnpm error Missing: @babel/plugin-syntax-async-generators@7.8.4 from lock file\nnpm error Missing: @babel/plugin-syntax-bigint@7.8.3 from lock file\nnpm error Missing: @babel/plugin-syntax-class-properties@7.12.13 from lock file\nnpm error Missing: @babel/plugin-syntax-class-static-block@7.14.5 from lock file\nnpm error Missing: @babel/plugin-syntax-import-attributes@7.26.0 from lock file\nnpm error Missing: @babel/plugin-syntax-import-meta@7.10.4 from lock file\nnpm error Missing: @babel/plugin-syntax-json-strings@7.8.3 from lock file\nnpm error Missing: @babel/plugin-syntax-logical-assignment-operators@7.10.4 from lock file\nnpm error Missing: @babel/plugin-syntax-nullish-coalescing-operator@7.8.3 from lock file\nnpm error Missing: @babel/plugin-syntax-numeric-separator@7.10.4 from lock file\nnpm error Missing: @babel/plugin-syntax-object-rest-spread@7.8.3 from lock file\nnpm error Missing: @babel/plugin-syntax-optional-catch-binding@7.8.3 from lock file\nnpm error Missing: @babel/plugin-syntax-optional-chaining@7.8.3 from lock file\nnpm error Missing: @babel/plugin-syntax-private-property-in-object@7.14.5 from lock file\nnpm error Missing: @babel/plugin-syntax-top-level-await@7.14.5 from lock file\nnpm error Missing: @jest/environment@29.7.0 from lock file\nnpm error Missing: @jest/expect@29.7.0 from lock file\nnpm error Missing: co@4.6.0 from lock file\nnpm error Missing: dedent@1.5.3 from lock file\nnpm error Missing: is-generator-fn@2.1.0 from lock file\nnpm error Missing: jest-each@29.7.0 from lock file\nnpm error Missing: jest-matcher-utils@29.7.0 from lock file\nnpm error Missing: pure-rand@6.1.0 from lock file\nnpm error Missing: stack-utils@2.0.6 from lock file\nnpm error Missing: @jest/fake-timers@29.7.0 from lock file\nnpm error Missing: jest-mock@29.7.0 from lock file\nnpm error Missing: expect@29.7.0 from lock file\nnpm error Missing: @sinonjs/fake-timers@10.3.0 from lock file\nnpm error Missing: @sinonjs/commons@3.0.1 from lock file\nnpm error Missing: type-detect@4.0.8 from lock file\nnpm error Missing: @jest/expect-utils@29.7.0 from lock file\nnpm error Missing: @types/graceful-fs@4.1.9 from lock file\nnpm error Missing: anymatch@3.1.3 from lock file\nnpm error Missing: fb-watchman@2.0.2 from lock file\nnpm error Missing: fsevents@2.3.3 from lock file\nnpm error Missing: walker@1.0.8 from lock file\nnpm error Missing: normalize-path@3.0.0 from lock file\nnpm error Missing: picomatch@2.3.1 from lock file\nnpm error Missing: bser@2.1.1 from lock file\nnpm error Missing: node-int64@0.4.0 from lock file\nnpm error Missing: jest-diff@29.7.0 from lock file\nnpm error Missing: diff-sequences@29.6.3 from lock file\nnpm error Missing: @types/stack-utils@2.0.3 from lock file\nnpm error Missing: jest-pnp-resolver@1.2.3 from lock file\nnpm error Missing: resolve@1.22.10 from lock file\nnpm error Missing: resolve.exports@2.0.3 from lock file\nnpm error Missing: emittery@0.13.1 from lock file\nnpm error Missing: jest-docblock@29.7.0 from lock file\nnpm error Missing: jest-leak-detector@29.7.0 from lock file\nnpm error Missing: source-map-support@0.5.13 from lock file\nnpm error Missing: detect-newline@3.1.0 from lock file\nnpm error Missing: @jest/globals@29.7.0 from lock file\nnpm error Missing: @jest/source-map@29.6.3 from lock file\nnpm error Missing: cjs-module-lexer@1.4.3 from lock file\nnpm error Missing: strip-bom@4.0.0 from lock file\nnpm error Missing: @babel/plugin-syntax-jsx@7.25.9 from lock file\nnpm error Missing: @babel/plugin-syntax-typescript@7.25.9 from lock file\nnpm error Missing: camelcase@6.3.0 from lock file\nnpm error Missing: leven@3.1.0 from lock file\nnpm error Missing: supports-color@8.1.1 from lock file\nnpm error Missing: braces@3.0.3 from lock file\nnpm error Missing: fill-range@7.1.1 from lock file\nnpm error Missing: to-regex-range@5.0.1 from lock file\nnpm error Missing: mimic-fn@2.1.0 from lock file\nnpm error Missing: error-ex@1.3.2 from lock file\nnpm error Missing: json-parse-even-better-errors@2.3.1 from lock file\nnpm error Missing: lines-and-columns@1.2.4 from lock file\nnpm error Missing: is-arrayish@0.2.1 from lock file\nnpm error Missing: find-up@4.1.0 from lock file\nnpm error Missing: ansi-styles@5.2.0 from lock file\nnpm error Missing: react-is@18.3.1 from lock file\nnpm error Missing: kleur@3.0.3 from lock file\nnpm error Missing: sisteransi@1.0.5 from lock file\nnpm error Missing: is-core-module@2.16.1 from lock file\nnpm error Missing: path-parse@1.0.7 from lock file\nnpm error Missing: supports-preserve-symlinks-flag@1.0.0 from lock file\nnpm error Missing: resolve-from@5.0.0 from lock file\nnpm error Missing: buffer-from@1.1.2 from lock file\nnpm error Missing: escape-string-regexp@2.0.0 from lock file\nnpm error Missing: char-regex@1.0.2 from lock file\nnpm error Missing: is-number@7.0.0 from lock file\nnpm error Missing: makeerror@1.0.12 from lock file\nnpm error Missing: tmpl@1.0.5 from lock file\nnpm error Missing: yallist@3.1.1 from lock file\nnpm error Missing: locate-path@5.0.0 from lock file\nnpm error Missing: argparse@1.0.10 from lock file\nnpm error Missing: esprima@4.0.1 from lock file\nnpm error Missing: sprintf-js@1.0.3 from lock file\nnpm error Missing: p-locate@4.1.0 from lock file\nnpm error Missing: p-limit@2.3.0 from lock file\nnpm error Missing: p-try@2.2.0 from lock file\nnpm error Missing: semver@6.3.1 from lock file\nnpm error Missing: locate-path@5.0.0 from lock file\nnpm error Missing: p-locate@4.1.0 from lock file\nnpm error Missing: p-limit@2.3.0 from lock file\nnpm error\nnpm error Clean install a project\nnpm error\nnpm error Usage:\nnpm error npm ci\nnpm error\nnpm error Options:\nnpm error [--install-strategy <hoisted|nested|shallow|linked>] [--legacy-bundling]\nnpm error [--global-style] [--omit <dev|optional|peer> [--omit <dev|optional|peer> ...]]\nnpm error [--include <prod|dev|optional|peer> [--include <prod|dev|optional|peer> ...]]\nnpm error [--strict-peer-deps] [--foreground-scripts] [--ignore-scripts] [--no-audit]\nnpm error [--no-bin-links] [--no-fund] [--dry-run]\nnpm error [-w|--workspace <workspace-name> [-w|--workspace <workspace-name> ...]]\nnpm error [-ws|--workspaces] [--include-workspace-root] [--install-links]\nnpm error\nnpm error aliases: clean-install, ic, install-clean, isntall-clean\nnpm error\nnpm error Run \"npm help ci\" for more info\nnpm error A complete log of this run can be found in: /www-data-home/.npm/_logs/2025-04-11T22_20_38_490Z-debug-0.log. For more details see the logs at https://console.cloud.google.com/cloud-build/builds;region=asia-northeast1/fcb915d5-0968-40cf-88c2-745e83231f07?project=757611015224."
    },
    "status": 3,
    "code": 3
  }
}
[debug] [2025-04-11T22:22:20.692Z] {
  "endpoint": {
    "id": "api",
    "project": "inuichiba-ffprod",
    "region": "asia-northeast1",
    "entryPoint": "api",
    "platform": "gcfv2",
    "runtime": "nodejs22",
    "httpsTrigger": {},
    "labels": {
      "deployment-tool": "cli-firebase"
    },
    "secretEnvironmentVariables": [
      {
        "key": "NODE_ENV",
        "secret": "NODE_ENV",
        "projectId": "inuichiba-ffprod",
        "version": "2"
      }
    ],
    "serviceAccount": null,
    "ingressSettings": null,
    "availableMemoryMb": null,
    "timeoutSeconds": null,
    "maxInstances": null,
    "minInstances": null,
    "concurrency": 80,
    "vpc": null,
    "environmentVariables": {
      "CHANNEL_ACCESS_TOKEN_PROD": "/0/AD5jmDpc4mgJ3/XCZ7nH28vnxRRhddsMnE9DJV6fo7Iod3vvBwSF7v9utHEInCzZcjkDLFGE3LYZB2Q/PZEjtJSOm0sn8a7Bcu/v6DHdbx/cHkjdv6oWRmcToLKPYZmh1gEcSjHr0A/rSTxhmbAdB04t89/1O/w1cDnyilFU=",
      "CHANNEL_SECRET_PROD": "cf9472531e498e75d65cc0b396436dec",
      "SUPABASE_URL": "https://ollbklkdnzonbxopfwqk.supabase.co",
      "SUPABASE_SERVICE_ROLE_KEY_PROD": "eyJhbGciOiJIUzI1NiIsInR5cCI6IkpXVCJ9.eyJpc3MiOiJzdXBhYmFzZSIsInJlZiI6Im9sbGJrbGtkbnpvbmJ4b3Bmd3FrIiwicm9sZSI6InNlcnZpY2Vfcm9sZSIsImlhdCI6MTc0MzI5MjYzMCwiZXhwIjoyMDU4ODY4NjMwfQ.U6bDiuPz1uDcFe_ELHrEgv8a12eKYpLXAucR6DrV7Fs",
      "SUPABASE_TABLE_NAME_PROD": "users_ffprod",
      "MY_LINE_USER_ID": "Ubabd65c8e4933322c46374c435c82a7b",
      "TARGET_MENU_NAME": "タブＡ(左側メニュー)2025秋",
      "FIREBASE_CONFIG": "{\"projectId\":\"inuichiba-ffprod\",\"storageBucket\":\"inuichiba-ffprod.firebasestorage.app\"}",
      "GCLOUD_PROJECT": "inuichiba-ffprod",
      "EVENTARC_CLOUD_EVENT_SOURCE": "projects/inuichiba-ffprod/locations/asia-northeast1/services/api"
    },
    "codebase": "default",
    "cpu": 1,
    "targetedByOnly": false,
    "hash": "d80304f55d6ed59f87a10d6cdfc4215986442250"
  },
  "op": "create",
  "original": {
    "name": "FirebaseError",
    "children": [],
    "exit": 1,
    "message": "Build failed with status: FAILURE and message: npm error code EUSAGE\nnpm error\nnpm error `npm ci` can only install packages when your package.json and package-lock.json or npm-shrinkwrap.json are in sync. Please update your lock file with `npm install` before continuing.\nnpm error\nnpm error Missing: jest@29.7.0 from lock file\nnpm error Missing: @jest/core@29.7.0 from lock file\nnpm error Missing: @jest/types@29.6.3 from lock file\nnpm error Missing: import-local@3.2.0 from lock file\nnpm error Missing: jest-cli@29.7.0 from lock file\nnpm error Missing: @jest/console@29.7.0 from lock file\nnpm error Missing: @jest/reporters@29.7.0 from lock file\nnpm error Missing: @jest/test-result@29.7.0 from lock file\nnpm error Missing: @jest/transform@29.7.0 from lock file\nnpm error Missing: ansi-escapes@4.3.2 from lock file\nnpm error Missing: ci-info@3.9.0 from lock file\nnpm error Missing: exit@0.1.2 from lock file\nnpm error Missing: graceful-fs@4.2.11 from lock file\nnpm error Missing: jest-changed-files@29.7.0 from lock file\nnpm error Missing: jest-config@29.7.0 from lock file\nnpm error Missing: jest-haste-map@29.7.0 from lock file\nnpm error Missing: jest-message-util@29.7.0 from lock file\nnpm error Missing: jest-regex-util@29.6.3 from lock file\nnpm error Missing: jest-resolve@29.7.0 from lock file\nnpm error Missing: jest-resolve-dependencies@29.7.0 from lock file\nnpm error Missing: jest-runner@29.7.0 from lock file\nnpm error Missing: jest-runtime@29.7.0 from lock file\nnpm error Missing: jest-snapshot@29.7.0 from lock file\nnpm error Missing: jest-util@29.7.0 from lock file\nnpm error Missing: jest-validate@29.7.0 from lock file\nnpm error Missing: jest-watcher@29.7.0 from lock file\nnpm error Missing: micromatch@4.0.8 from lock file\nnpm error Missing: pretty-format@29.7.0 from lock file\nnpm error Missing: slash@3.0.0 from lock file\nnpm error Missing: @bcoe/v8-coverage@0.2.3 from lock file\nnpm error Missing: @jridgewell/trace-mapping@0.3.25 from lock file\nnpm error Missing: collect-v8-coverage@1.0.2 from lock file\nnpm error Missing: istanbul-lib-coverage@3.2.2 from lock file\nnpm error Missing: istanbul-lib-instrument@6.0.3 from lock file\nnpm error Missing: istanbul-lib-report@3.0.1 from lock file\nnpm error Missing: istanbul-lib-source-maps@4.0.1 from lock file\nnpm error Missing: istanbul-reports@3.1.7 from lock file\nnpm error Missing: jest-worker@29.7.0 from lock file\nnpm error Missing: string-length@4.0.2 from lock file\nnpm error Missing: v8-to-istanbul@9.3.0 from lock file\nnpm error Missing: @types/istanbul-lib-coverage@2.0.6 from lock file\nnpm error Missing: @babel/core@7.26.10 from lock file\nnpm error Missing: babel-plugin-istanbul@6.1.1 from lock file\nnpm error Missing: convert-source-map@2.0.0 from lock file\nnpm error Missing: pirates@4.0.7 from lock file\nnpm error Missing: write-file-atomic@4.0.2 from lock file\nnpm error Missing: @ampproject/remapping@2.3.0 from lock file\nnpm error Missing: @babel/code-frame@7.26.2 from lock file\nnpm error Missing: @babel/generator@7.27.0 from lock file\nnpm error Missing: @babel/helper-compilation-targets@7.27.0 from lock file\nnpm error Missing: @babel/helper-module-transforms@7.26.0 from lock file\nnpm error Missing: @babel/helpers@7.27.0 from lock file\nnpm error Missing: @babel/parser@7.27.0 from lock file\nnpm error Missing: @babel/template@7.27.0 from lock file\nnpm error Missing: @babel/traverse@7.27.0 from lock file\nnpm error Missing: @babel/types@7.27.0 from lock file\nnpm error Missing: gensync@1.0.0-beta.2 from lock file\nnpm error Missing: json5@2.2.3 from lock file\nnpm error Missing: semver@6.3.1 from lock file\nnpm error Missing: @jridgewell/gen-mapping@0.3.8 from lock file\nnpm error Missing: @babel/helper-validator-identifier@7.25.9 from lock file\nnpm error Missing: js-tokens@4.0.0 from lock file\nnpm error Missing: picocolors@1.1.1 from lock file\nnpm error Missing: jsesc@3.1.0 from lock file\nnpm error Missing: @babel/compat-data@7.26.8 from lock file\nnpm error Missing: @babel/helper-validator-option@7.25.9 from lock file\nnpm error Missing: browserslist@4.24.4 from lock file\nnpm error Missing: lru-cache@5.1.1 from lock file\nnpm error Missing: semver@6.3.1 from lock file\nnpm error Missing: @babel/helper-module-imports@7.25.9 from lock file\nnpm error Missing: globals@11.12.0 from lock file\nnpm error Missing: @babel/helper-string-parser@7.25.9 from lock file\nnpm error Missing: @jest/schemas@29.6.3 from lock file\nnpm error Missing: @types/istanbul-reports@3.0.4 from lock file\nnpm error Missing: @types/yargs@17.0.33 from lock file\nnpm error Missing: @sinclair/typebox@0.27.8 from lock file\nnpm error Missing: @jridgewell/set-array@1.2.1 from lock file\nnpm error Missing: @jridgewell/sourcemap-codec@1.5.0 from lock file\nnpm error Missing: @jridgewell/resolve-uri@3.1.2 from lock file\nnpm error Missing: @types/istanbul-lib-report@3.0.3 from lock file\nnpm error Missing: @types/yargs-parser@21.0.3 from lock file\nnpm error Missing: type-fest@0.21.3 from lock file\nnpm error Missing: @babel/helper-plugin-utils@7.26.5 from lock file\nnpm error Missing: @istanbuljs/load-nyc-config@1.1.0 from lock file\nnpm error Missing: @istanbuljs/schema@0.1.3 from lock file\nnpm error Missing: istanbul-lib-instrument@5.2.1 from lock file\nnpm error Missing: test-exclude@6.0.0 from lock file\nnpm error Missing: camelcase@5.3.1 from lock file\nnpm error Missing: find-up@4.1.0 from lock file\nnpm error Missing: get-package-type@0.1.0 from lock file\nnpm error Missing: js-yaml@3.14.1 from lock file\nnpm error Missing: resolve-from@5.0.0 from lock file\nnpm error Missing: caniuse-lite@1.0.30001713 from lock file\nnpm error Missing: electron-to-chromium@1.5.136 from lock file\nnpm error Missing: node-releases@2.0.19 from lock file\nnpm error Missing: update-browserslist-db@1.1.3 from lock file\nnpm error Missing: pkg-dir@4.2.0 from lock file\nnpm error Missing: resolve-cwd@3.0.0 from lock file\nnpm error Missing: make-dir@4.0.0 from lock file\nnpm error Missing: source-map@0.6.1 from lock file\nnpm error Missing: html-escaper@2.0.2 from lock file\nnpm error Missing: execa@5.1.1 from lock file\nnpm error Missing: get-stream@6.0.1 from lock file\nnpm error Missing: human-signals@2.1.0 from lock file\nnpm error Missing: merge-stream@2.0.0 from lock file\nnpm error Missing: npm-run-path@4.0.1 from lock file\nnpm error Missing: onetime@5.1.2 from lock file\nnpm error Missing: signal-exit@3.0.7 from lock file\nnpm error Missing: strip-final-newline@2.0.0 from lock file\nnpm error Missing: create-jest@29.7.0 from lock file\nnpm error Missing: prompts@2.4.2 from lock file\nnpm error Missing: @jest/test-sequencer@29.7.0 from lock file\nnpm error Missing: babel-jest@29.7.0 from lock file\nnpm error Missing: deepmerge@4.3.1 from lock file\nnpm error Missing: jest-circus@29.7.0 from lock file\nnpm error Missing: jest-environment-node@29.7.0 from lock file\nnpm error Missing: jest-get-type@29.6.3 from lock file\nnpm error Missing: parse-json@5.2.0 from lock file\nnpm error Missing: @types/babel__core@7.20.5 from lock file\nnpm error Missing: babel-preset-jest@29.6.3 from lock file\nnpm error Missing: @types/babel__generator@7.27.0 from lock file\nnpm error Missing: @types/babel__template@7.4.4 from lock file\nnpm error Missing: @types/babel__traverse@7.20.7 from lock file\nnpm error Missing: babel-plugin-jest-hoist@29.6.3 from lock file\nnpm error Missing: babel-preset-current-node-syntax@1.1.0 from lock file\nnpm error Missing: @babel/plugin-syntax-async-generators@7.8.4 from lock file\nnpm error Missing: @babel/plugin-syntax-bigint@7.8.3 from lock file\nnpm error Missing: @babel/plugin-syntax-class-properties@7.12.13 from lock file\nnpm error Missing: @babel/plugin-syntax-class-static-block@7.14.5 from lock file\nnpm error Missing: @babel/plugin-syntax-import-attributes@7.26.0 from lock file\nnpm error Missing: @babel/plugin-syntax-import-meta@7.10.4 from lock file\nnpm error Missing: @babel/plugin-syntax-json-strings@7.8.3 from lock file\nnpm error Missing: @babel/plugin-syntax-logical-assignment-operators@7.10.4 from lock file\nnpm error Missing: @babel/plugin-syntax-nullish-coalescing-operator@7.8.3 from lock file\nnpm error Missing: @babel/plugin-syntax-numeric-separator@7.10.4 from lock file\nnpm error Missing: @babel/plugin-syntax-object-rest-spread@7.8.3 from lock file\nnpm error Missing: @babel/plugin-syntax-optional-catch-binding@7.8.3 from lock file\nnpm error Missing: @babel/plugin-syntax-optional-chaining@7.8.3 from lock file\nnpm error Missing: @babel/plugin-syntax-private-property-in-object@7.14.5 from lock file\nnpm error Missing: @babel/plugin-syntax-top-level-await@7.14.5 from lock file\nnpm error Missing: @jest/environment@29.7.0 from lock file\nnpm error Missing: @jest/expect@29.7.0 from lock file\nnpm error Missing: co@4.6.0 from lock file\nnpm error Missing: dedent@1.5.3 from lock file\nnpm error Missing: is-generator-fn@2.1.0 from lock file\nnpm error Missing: jest-each@29.7.0 from lock file\nnpm error Missing: jest-matcher-utils@29.7.0 from lock file\nnpm error Missing: pure-rand@6.1.0 from lock file\nnpm error Missing: stack-utils@2.0.6 from lock file\nnpm error Missing: @jest/fake-timers@29.7.0 from lock file\nnpm error Missing: jest-mock@29.7.0 from lock file\nnpm error Missing: expect@29.7.0 from lock file\nnpm error Missing: @sinonjs/fake-timers@10.3.0 from lock file\nnpm error Missing: @sinonjs/commons@3.0.1 from lock file\nnpm error Missing: type-detect@4.0.8 from lock file\nnpm error Missing: @jest/expect-utils@29.7.0 from lock file\nnpm error Missing: @types/graceful-fs@4.1.9 from lock file\nnpm error Missing: anymatch@3.1.3 from lock file\nnpm error Missing: fb-watchman@2.0.2 from lock file\nnpm error Missing: fsevents@2.3.3 from lock file\nnpm error Missing: walker@1.0.8 from lock file\nnpm error Missing: normalize-path@3.0.0 from lock file\nnpm error Missing: picomatch@2.3.1 from lock file\nnpm error Missing: bser@2.1.1 from lock file\nnpm error Missing: node-int64@0.4.0 from lock file\nnpm error Missing: jest-diff@29.7.0 from lock file\nnpm error Missing: diff-sequences@29.6.3 from lock file\nnpm error Missing: @types/stack-utils@2.0.3 from lock file\nnpm error Missing: jest-pnp-resolver@1.2.3 from lock file\nnpm error Missing: resolve@1.22.10 from lock file\nnpm error Missing: resolve.exports@2.0.3 from lock file\nnpm error Missing: emittery@0.13.1 from lock file\nnpm error Missing: jest-docblock@29.7.0 from lock file\nnpm error Missing: jest-leak-detector@29.7.0 from lock file\nnpm error Missing: source-map-support@0.5.13 from lock file\nnpm error Missing: detect-newline@3.1.0 from lock file\nnpm error Missing: @jest/globals@29.7.0 from lock file\nnpm error Missing: @jest/source-map@29.6.3 from lock file\nnpm error Missing: cjs-module-lexer@1.4.3 from lock file\nnpm error Missing: strip-bom@4.0.0 from lock file\nnpm error Missing: @babel/plugin-syntax-jsx@7.25.9 from lock file\nnpm error Missing: @babel/plugin-syntax-typescript@7.25.9 from lock file\nnpm error Missing: camelcase@6.3.0 from lock file\nnpm error Missing: leven@3.1.0 from lock file\nnpm error Missing: supports-color@8.1.1 from lock file\nnpm error Missing: braces@3.0.3 from lock file\nnpm error Missing: fill-range@7.1.1 from lock file\nnpm error Missing: to-regex-range@5.0.1 from lock file\nnpm error Missing: mimic-fn@2.1.0 from lock file\nnpm error Missing: error-ex@1.3.2 from lock file\nnpm error Missing: json-parse-even-better-errors@2.3.1 from lock file\nnpm error Missing: lines-and-columns@1.2.4 from lock file\nnpm error Missing: is-arrayish@0.2.1 from lock file\nnpm error Missing: find-up@4.1.0 from lock file\nnpm error Missing: ansi-styles@5.2.0 from lock file\nnpm error Missing: react-is@18.3.1 from lock file\nnpm error Missing: kleur@3.0.3 from lock file\nnpm error Missing: sisteransi@1.0.5 from lock file\nnpm error Missing: is-core-module@2.16.1 from lock file\nnpm error Missing: path-parse@1.0.7 from lock file\nnpm error Missing: supports-preserve-symlinks-flag@1.0.0 from lock file\nnpm error Missing: resolve-from@5.0.0 from lock file\nnpm error Missing: buffer-from@1.1.2 from lock file\nnpm error Missing: escape-string-regexp@2.0.0 from lock file\nnpm error Missing: char-regex@1.0.2 from lock file\nnpm error Missing: is-number@7.0.0 from lock file\nnpm error Missing: makeerror@1.0.12 from lock file\nnpm error Missing: tmpl@1.0.5 from lock file\nnpm error Missing: yallist@3.1.1 from lock file\nnpm error Missing: locate-path@5.0.0 from lock file\nnpm error Missing: argparse@1.0.10 from lock file\nnpm error Missing: esprima@4.0.1 from lock file\nnpm error Missing: sprintf-js@1.0.3 from lock file\nnpm error Missing: p-locate@4.1.0 from lock file\nnpm error Missing: p-limit@2.3.0 from lock file\nnpm error Missing: p-try@2.2.0 from lock file\nnpm error Missing: semver@6.3.1 from lock file\nnpm error Missing: locate-path@5.0.0 from lock file\nnpm error Missing: p-locate@4.1.0 from lock file\nnpm error Missing: p-limit@2.3.0 from lock file\nnpm error\nnpm error Clean install a project\nnpm error\nnpm error Usage:\nnpm error npm ci\nnpm error\nnpm error Options:\nnpm error [--install-strategy <hoisted|nested|shallow|linked>] [--legacy-bundling]\nnpm error [--global-style] [--omit <dev|optional|peer> [--omit <dev|optional|peer> ...]]\nnpm error [--include <prod|dev|optional|peer> [--include <prod|dev|optional|peer> ...]]\nnpm error [--strict-peer-deps] [--foreground-scripts] [--ignore-scripts] [--no-audit]\nnpm error [--no-bin-links] [--no-fund] [--dry-run]\nnpm error [-w|--workspace <workspace-name> [-w|--workspace <workspace-name> ...]]\nnpm error [-ws|--workspaces] [--include-workspace-root] [--install-links]\nnpm error\nnpm error aliases: clean-install, ic, install-clean, isntall-clean\nnpm error\nnpm error Run \"npm help ci\" for more info\nnpm error A complete log of this run can be found in: /www-data-home/.npm/_logs/2025-04-11T22_21_27_525Z-debug-0.log. For more details see the logs at https://console.cloud.google.com/cloud-build/builds;region=asia-northeast1/c67222af-8cad-492c-83be-e802a6d0c201?project=757611015224.",
    "original": {
      "code": 3,
      "message": "Build failed with status: FAILURE and message: npm error code EUSAGE\nnpm error\nnpm error `npm ci` can only install packages when your package.json and package-lock.json or npm-shrinkwrap.json are in sync. Please update your lock file with `npm install` before continuing.\nnpm error\nnpm error Missing: jest@29.7.0 from lock file\nnpm error Missing: @jest/core@29.7.0 from lock file\nnpm error Missing: @jest/types@29.6.3 from lock file\nnpm error Missing: import-local@3.2.0 from lock file\nnpm error Missing: jest-cli@29.7.0 from lock file\nnpm error Missing: @jest/console@29.7.0 from lock file\nnpm error Missing: @jest/reporters@29.7.0 from lock file\nnpm error Missing: @jest/test-result@29.7.0 from lock file\nnpm error Missing: @jest/transform@29.7.0 from lock file\nnpm error Missing: ansi-escapes@4.3.2 from lock file\nnpm error Missing: ci-info@3.9.0 from lock file\nnpm error Missing: exit@0.1.2 from lock file\nnpm error Missing: graceful-fs@4.2.11 from lock file\nnpm error Missing: jest-changed-files@29.7.0 from lock file\nnpm error Missing: jest-config@29.7.0 from lock file\nnpm error Missing: jest-haste-map@29.7.0 from lock file\nnpm error Missing: jest-message-util@29.7.0 from lock file\nnpm error Missing: jest-regex-util@29.6.3 from lock file\nnpm error Missing: jest-resolve@29.7.0 from lock file\nnpm error Missing: jest-resolve-dependencies@29.7.0 from lock file\nnpm error Missing: jest-runner@29.7.0 from lock file\nnpm error Missing: jest-runtime@29.7.0 from lock file\nnpm error Missing: jest-snapshot@29.7.0 from lock file\nnpm error Missing: jest-util@29.7.0 from lock file\nnpm error Missing: jest-validate@29.7.0 from lock file\nnpm error Missing: jest-watcher@29.7.0 from lock file\nnpm error Missing: micromatch@4.0.8 from lock file\nnpm error Missing: pretty-format@29.7.0 from lock file\nnpm error Missing: slash@3.0.0 from lock file\nnpm error Missing: @bcoe/v8-coverage@0.2.3 from lock file\nnpm error Missing: @jridgewell/trace-mapping@0.3.25 from lock file\nnpm error Missing: collect-v8-coverage@1.0.2 from lock file\nnpm error Missing: istanbul-lib-coverage@3.2.2 from lock file\nnpm error Missing: istanbul-lib-instrument@6.0.3 from lock file\nnpm error Missing: istanbul-lib-report@3.0.1 from lock file\nnpm error Missing: istanbul-lib-source-maps@4.0.1 from lock file\nnpm error Missing: istanbul-reports@3.1.7 from lock file\nnpm error Missing: jest-worker@29.7.0 from lock file\nnpm error Missing: string-length@4.0.2 from lock file\nnpm error Missing: v8-to-istanbul@9.3.0 from lock file\nnpm error Missing: @types/istanbul-lib-coverage@2.0.6 from lock file\nnpm error Missing: @babel/core@7.26.10 from lock file\nnpm error Missing: babel-plugin-istanbul@6.1.1 from lock file\nnpm error Missing: convert-source-map@2.0.0 from lock file\nnpm error Missing: pirates@4.0.7 from lock file\nnpm error Missing: write-file-atomic@4.0.2 from lock file\nnpm error Missing: @ampproject/remapping@2.3.0 from lock file\nnpm error Missing: @babel/code-frame@7.26.2 from lock file\nnpm error Missing: @babel/generator@7.27.0 from lock file\nnpm error Missing: @babel/helper-compilation-targets@7.27.0 from lock file\nnpm error Missing: @babel/helper-module-transforms@7.26.0 from lock file\nnpm error Missing: @babel/helpers@7.27.0 from lock file\nnpm error Missing: @babel/parser@7.27.0 from lock file\nnpm error Missing: @babel/template@7.27.0 from lock file\nnpm error Missing: @babel/traverse@7.27.0 from lock file\nnpm error Missing: @babel/types@7.27.0 from lock file\nnpm error Missing: gensync@1.0.0-beta.2 from lock file\nnpm error Missing: json5@2.2.3 from lock file\nnpm error Missing: semver@6.3.1 from lock file\nnpm error Missing: @jridgewell/gen-mapping@0.3.8 from lock file\nnpm error Missing: @babel/helper-validator-identifier@7.25.9 from lock file\nnpm error Missing: js-tokens@4.0.0 from lock file\nnpm error Missing: picocolors@1.1.1 from lock file\nnpm error Missing: jsesc@3.1.0 from lock file\nnpm error Missing: @babel/compat-data@7.26.8 from lock file\nnpm error Missing: @babel/helper-validator-option@7.25.9 from lock file\nnpm error Missing: browserslist@4.24.4 from lock file\nnpm error Missing: lru-cache@5.1.1 from lock file\nnpm error Missing: semver@6.3.1 from lock file\nnpm error Missing: @babel/helper-module-imports@7.25.9 from lock file\nnpm error Missing: globals@11.12.0 from lock file\nnpm error Missing: @babel/helper-string-parser@7.25.9 from lock file\nnpm error Missing: @jest/schemas@29.6.3 from lock file\nnpm error Missing: @types/istanbul-reports@3.0.4 from lock file\nnpm error Missing: @types/yargs@17.0.33 from lock file\nnpm error Missing: @sinclair/typebox@0.27.8 from lock file\nnpm error Missing: @jridgewell/set-array@1.2.1 from lock file\nnpm error Missing: @jridgewell/sourcemap-codec@1.5.0 from lock file\nnpm error Missing: @jridgewell/resolve-uri@3.1.2 from lock file\nnpm error Missing: @types/istanbul-lib-report@3.0.3 from lock file\nnpm error Missing: @types/yargs-parser@21.0.3 from lock file\nnpm error Missing: type-fest@0.21.3 from lock file\nnpm error Missing: @babel/helper-plugin-utils@7.26.5 from lock file\nnpm error Missing: @istanbuljs/load-nyc-config@1.1.0 from lock file\nnpm error Missing: @istanbuljs/schema@0.1.3 from lock file\nnpm error Missing: istanbul-lib-instrument@5.2.1 from lock file\nnpm error Missing: test-exclude@6.0.0 from lock file\nnpm error Missing: camelcase@5.3.1 from lock file\nnpm error Missing: find-up@4.1.0 from lock file\nnpm error Missing: get-package-type@0.1.0 from lock file\nnpm error Missing: js-yaml@3.14.1 from lock file\nnpm error Missing: resolve-from@5.0.0 from lock file\nnpm error Missing: caniuse-lite@1.0.30001713 from lock file\nnpm error Missing: electron-to-chromium@1.5.136 from lock file\nnpm error Missing: node-releases@2.0.19 from lock file\nnpm error Missing: update-browserslist-db@1.1.3 from lock file\nnpm error Missing: pkg-dir@4.2.0 from lock file\nnpm error Missing: resolve-cwd@3.0.0 from lock file\nnpm error Missing: make-dir@4.0.0 from lock file\nnpm error Missing: source-map@0.6.1 from lock file\nnpm error Missing: html-escaper@2.0.2 from lock file\nnpm error Missing: execa@5.1.1 from lock file\nnpm error Missing: get-stream@6.0.1 from lock file\nnpm error Missing: human-signals@2.1.0 from lock file\nnpm error Missing: merge-stream@2.0.0 from lock file\nnpm error Missing: npm-run-path@4.0.1 from lock file\nnpm error Missing: onetime@5.1.2 from lock file\nnpm error Missing: signal-exit@3.0.7 from lock file\nnpm error Missing: strip-final-newline@2.0.0 from lock file\nnpm error Missing: create-jest@29.7.0 from lock file\nnpm error Missing: prompts@2.4.2 from lock file\nnpm error Missing: @jest/test-sequencer@29.7.0 from lock file\nnpm error Missing: babel-jest@29.7.0 from lock file\nnpm error Missing: deepmerge@4.3.1 from lock file\nnpm error Missing: jest-circus@29.7.0 from lock file\nnpm error Missing: jest-environment-node@29.7.0 from lock file\nnpm error Missing: jest-get-type@29.6.3 from lock file\nnpm error Missing: parse-json@5.2.0 from lock file\nnpm error Missing: @types/babel__core@7.20.5 from lock file\nnpm error Missing: babel-preset-jest@29.6.3 from lock file\nnpm error Missing: @types/babel__generator@7.27.0 from lock file\nnpm error Missing: @types/babel__template@7.4.4 from lock file\nnpm error Missing: @types/babel__traverse@7.20.7 from lock file\nnpm error Missing: babel-plugin-jest-hoist@29.6.3 from lock file\nnpm error Missing: babel-preset-current-node-syntax@1.1.0 from lock file\nnpm error Missing: @babel/plugin-syntax-async-generators@7.8.4 from lock file\nnpm error Missing: @babel/plugin-syntax-bigint@7.8.3 from lock file\nnpm error Missing: @babel/plugin-syntax-class-properties@7.12.13 from lock file\nnpm error Missing: @babel/plugin-syntax-class-static-block@7.14.5 from lock file\nnpm error Missing: @babel/plugin-syntax-import-attributes@7.26.0 from lock file\nnpm error Missing: @babel/plugin-syntax-import-meta@7.10.4 from lock file\nnpm error Missing: @babel/plugin-syntax-json-strings@7.8.3 from lock file\nnpm error Missing: @babel/plugin-syntax-logical-assignment-operators@7.10.4 from lock file\nnpm error Missing: @babel/plugin-syntax-nullish-coalescing-operator@7.8.3 from lock file\nnpm error Missing: @babel/plugin-syntax-numeric-separator@7.10.4 from lock file\nnpm error Missing: @babel/plugin-syntax-object-rest-spread@7.8.3 from lock file\nnpm error Missing: @babel/plugin-syntax-optional-catch-binding@7.8.3 from lock file\nnpm error Missing: @babel/plugin-syntax-optional-chaining@7.8.3 from lock file\nnpm error Missing: @babel/plugin-syntax-private-property-in-object@7.14.5 from lock file\nnpm error Missing: @babel/plugin-syntax-top-level-await@7.14.5 from lock file\nnpm error Missing: @jest/environment@29.7.0 from lock file\nnpm error Missing: @jest/expect@29.7.0 from lock file\nnpm error Missing: co@4.6.0 from lock file\nnpm error Missing: dedent@1.5.3 from lock file\nnpm error Missing: is-generator-fn@2.1.0 from lock file\nnpm error Missing: jest-each@29.7.0 from lock file\nnpm error Missing: jest-matcher-utils@29.7.0 from lock file\nnpm error Missing: pure-rand@6.1.0 from lock file\nnpm error Missing: stack-utils@2.0.6 from lock file\nnpm error Missing: @jest/fake-timers@29.7.0 from lock file\nnpm error Missing: jest-mock@29.7.0 from lock file\nnpm error Missing: expect@29.7.0 from lock file\nnpm error Missing: @sinonjs/fake-timers@10.3.0 from lock file\nnpm error Missing: @sinonjs/commons@3.0.1 from lock file\nnpm error Missing: type-detect@4.0.8 from lock file\nnpm error Missing: @jest/expect-utils@29.7.0 from lock file\nnpm error Missing: @types/graceful-fs@4.1.9 from lock file\nnpm error Missing: anymatch@3.1.3 from lock file\nnpm error Missing: fb-watchman@2.0.2 from lock file\nnpm error Missing: fsevents@2.3.3 from lock file\nnpm error Missing: walker@1.0.8 from lock file\nnpm error Missing: normalize-path@3.0.0 from lock file\nnpm error Missing: picomatch@2.3.1 from lock file\nnpm error Missing: bser@2.1.1 from lock file\nnpm error Missing: node-int64@0.4.0 from lock file\nnpm error Missing: jest-diff@29.7.0 from lock file\nnpm error Missing: diff-sequences@29.6.3 from lock file\nnpm error Missing: @types/stack-utils@2.0.3 from lock file\nnpm error Missing: jest-pnp-resolver@1.2.3 from lock file\nnpm error Missing: resolve@1.22.10 from lock file\nnpm error Missing: resolve.exports@2.0.3 from lock file\nnpm error Missing: emittery@0.13.1 from lock file\nnpm error Missing: jest-docblock@29.7.0 from lock file\nnpm error Missing: jest-leak-detector@29.7.0 from lock file\nnpm error Missing: source-map-support@0.5.13 from lock file\nnpm error Missing: detect-newline@3.1.0 from lock file\nnpm error Missing: @jest/globals@29.7.0 from lock file\nnpm error Missing: @jest/source-map@29.6.3 from lock file\nnpm error Missing: cjs-module-lexer@1.4.3 from lock file\nnpm error Missing: strip-bom@4.0.0 from lock file\nnpm error Missing: @babel/plugin-syntax-jsx@7.25.9 from lock file\nnpm error Missing: @babel/plugin-syntax-typescript@7.25.9 from lock file\nnpm error Missing: camelcase@6.3.0 from lock file\nnpm error Missing: leven@3.1.0 from lock file\nnpm error Missing: supports-color@8.1.1 from lock file\nnpm error Missing: braces@3.0.3 from lock file\nnpm error Missing: fill-range@7.1.1 from lock file\nnpm error Missing: to-regex-range@5.0.1 from lock file\nnpm error Missing: mimic-fn@2.1.0 from lock file\nnpm error Missing: error-ex@1.3.2 from lock file\nnpm error Missing: json-parse-even-better-errors@2.3.1 from lock file\nnpm error Missing: lines-and-columns@1.2.4 from lock file\nnpm error Missing: is-arrayish@0.2.1 from lock file\nnpm error Missing: find-up@4.1.0 from lock file\nnpm error Missing: ansi-styles@5.2.0 from lock file\nnpm error Missing: react-is@18.3.1 from lock file\nnpm error Missing: kleur@3.0.3 from lock file\nnpm error Missing: sisteransi@1.0.5 from lock file\nnpm error Missing: is-core-module@2.16.1 from lock file\nnpm error Missing: path-parse@1.0.7 from lock file\nnpm error Missing: supports-preserve-symlinks-flag@1.0.0 from lock file\nnpm error Missing: resolve-from@5.0.0 from lock file\nnpm error Missing: buffer-from@1.1.2 from lock file\nnpm error Missing: escape-string-regexp@2.0.0 from lock file\nnpm error Missing: char-regex@1.0.2 from lock file\nnpm error Missing: is-number@7.0.0 from lock file\nnpm error Missing: makeerror@1.0.12 from lock file\nnpm error Missing: tmpl@1.0.5 from lock file\nnpm error Missing: yallist@3.1.1 from lock file\nnpm error Missing: locate-path@5.0.0 from lock file\nnpm error Missing: argparse@1.0.10 from lock file\nnpm error Missing: esprima@4.0.1 from lock file\nnpm error Missing: sprintf-js@1.0.3 from lock file\nnpm error Missing: p-locate@4.1.0 from lock file\nnpm error Missing: p-limit@2.3.0 from lock file\nnpm error Missing: p-try@2.2.0 from lock file\nnpm error Missing: semver@6.3.1 from lock file\nnpm error Missing: locate-path@5.0.0 from lock file\nnpm error Missing: p-locate@4.1.0 from lock file\nnpm error Missing: p-limit@2.3.0 from lock file\nnpm error\nnpm error Clean install a project\nnpm error\nnpm error Usage:\nnpm error npm ci\nnpm error\nnpm error Options:\nnpm error [--install-strategy <hoisted|nested|shallow|linked>] [--legacy-bundling]\nnpm error [--global-style] [--omit <dev|optional|peer> [--omit <dev|optional|peer> ...]]\nnpm error [--include <prod|dev|optional|peer> [--include <prod|dev|optional|peer> ...]]\nnpm error [--strict-peer-deps] [--foreground-scripts] [--ignore-scripts] [--no-audit]\nnpm error [--no-bin-links] [--no-fund] [--dry-run]\nnpm error [-w|--workspace <workspace-name> [-w|--workspace <workspace-name> ...]]\nnpm error [-ws|--workspaces] [--include-workspace-root] [--install-links]\nnpm error\nnpm error aliases: clean-install, ic, install-clean, isntall-clean\nnpm error\nnpm error Run \"npm help ci\" for more info\nnpm error A complete log of this run can be found in: /www-data-home/.npm/_logs/2025-04-11T22_21_27_525Z-debug-0.log. For more details see the logs at https://console.cloud.google.com/cloud-build/builds;region=asia-northeast1/c67222af-8cad-492c-83be-e802a6d0c201?project=757611015224."
    },
    "status": 3,
    "code": 3
  }
}
[error] Error: There was an error deploying functions:
[error] - Error Failed to create function webhook in region asia-northeast1
[error] - Error Failed to create function api in region asia-northeast1
